Workbook

Sheet BİLANÇO
A2: DUYAR POMPA VE HİDROFOR SİSTEMLERİ SAN. VE TİC. A.Ş.
A3: 30.06.2024 TARİHLİ AYRINTILI BİLANÇOSU
C5: Cari Dönem | F5: Cari Dönem
A6: 1A | B6: 1-DÖNEN VARLIKLAR | C6: =+C7+C13+C19+C28+C37+C45+C49+C52 -> 31888964 | D6: 3A | E6: 3-KISA VADELİ YABANCI KAYNAKLAR | F6: =SUM(F7+F17+F23+F30+F33+F36+F41+F47+F50) -> 29002519
A7: 10A | B7: A-Hazır Değerler | C7: =SUM(C8:C12) -> 4257507 | D7: 30A | E7: A-Mali Borçlar | F7: =SUM(F8:F16) -> 0
A8: 100A | B8: 1.Kasa | C8: =VLOOKUP(A8,CARİDÖNEM!A:F,6,FALSE)-VLOOKUP(A8,CARİDÖNEM!A:G,7,FALSE) -> 0 | D8: 300A | E8: 1. Banka Kredileri | F8: =VLOOKUP(D8,CARİDÖNEM!A:G,7,FALSE)-VLOOKUP(D8,CARİDÖNEM!A:F,6,FALSE) -> 0
A9: 101A | B9: 2.Alınan Çekler | C9: =VLOOKUP(A9,CARİDÖNEM!A:F,6,FALSE)-VLOOKUP(A9,CARİDÖNEM!A:G,7,FALSE) -> 3253028 | D9: 301A | E9: 2. Finansal Kiralama İşlemlerinden Doğan Borçlar | F9: =VLOOKUP(D9,CARİDÖNEM!A:G,7,FALSE)-VLOOKUP(D9,CARİDÖNEM!A:F,6,FALSE) -> 0
A10: 102A | B10: 3.Bankalar | C10: =VLOOKUP(A10,CARİDÖNEM!A:F,6,FALSE)-VLOOKUP(A10,CARİDÖNEM!A:G,7,FALSE) -> 1004479 | D10: 302A | E10: 3. Ertelenmiş Finansal Kiralama Borçlanma Maliyetleri (-) | F10: =VLOOKUP(D10,CARİDÖNEM!A:G,7,FALSE)-VLOOKUP(D10,CARİDÖNEM!A:F,6,FALSE) -> 0
A11: 103A | B11: 4. Verilen Çekler ve Ödeme Emir.(-) | C11: =VLOOKUP(A11,CARİDÖNEM!A:F,6,FALSE)-VLOOKUP(A11,CARİDÖNEM!A:G,7,FALSE) -> 0 | D11: 303A | E11: 4. Uzun Vadeli Kredilerin Anapara Taksitleri ve Faizleri | F11: =VLOOKUP(D11,CARİDÖNEM!A:G,7,FALSE)-VLOOKUP(D11,CARİDÖNEM!A:F,6,FALSE) -> 0
A12: 108A | B12: 5.Diğer Hazır Değerler | C12: =VLOOKUP(A12,CARİDÖNEM!A:F,6,FALSE)-VLOOKUP(A12,CARİDÖNEM!A:G,7,FALSE) -> 0 | D12: 304A | E12: 5. Tahvil, Anapara, Borç Taksit ve Faizleri | F12: =VLOOKUP(D12,CARİDÖNEM!A:G,7,FALSE)-VLOOKUP(D12,CARİDÖNEM!A:F,6,FALSE) -> 0
A13: 11A | B13: B-Menkul Kıymetler | C13: =SUM(C14:C18) -> 0 | D13: 305A | E13: 6. Çıkarılmış Bonolar ve Senetler | F13: =VLOOKUP(D13,CARİDÖNEM!A:G,7,FALSE)-VLOOKUP(D13,CARİDÖNEM!A:F,6,FALSE) -> 0
A14: 110A | B14: 1.Hisse Senetleri | C14: =VLOOKUP(A14,CARİDÖNEM!A:F,6,FALSE)-VLOOKUP(A14,CARİDÖNEM!A:G,7,FALSE) -> 0 | D14: 306A | E14: 7. Çıkarılmış Diğer Menkul Kıymetler | F14: =VLOOKUP(D14,CARİDÖNEM!A:G,7,FALSE)-VLOOKUP(D14,CARİDÖNEM!A:F,6,FALSE) -> 0
A15: 111A | B15: 2.Özel Kesim Tahvil, Senet ve Bonoları | C15: =VLOOKUP(A15,CARİDÖNEM!A:F,6,FALSE)-VLOOKUP(A15,CARİDÖNEM!A:G,7,FALSE) -> 0 | D15: 308A | E15: 8. Menkul Kıymetler İhraç Farkı (-) | F15: =VLOOKUP(D15,CARİDÖNEM!A:G,7,FALSE)-VLOOKUP(D15,CARİDÖNEM!A:F,6,FALSE) -> 0
A16: 112A | B16: 3.Kamu Kesimi Tahvil, Senet ve Bonoları | C16: =VLOOKUP(A16,CARİDÖNEM!A:F,6,FALSE)-VLOOKUP(A16,CARİDÖNEM!A:G,7,FALSE) -> 0 | D16: 309A | E16: 9. Diğer Mali Borçlar | F16: =VLOOKUP(D16,CARİDÖNEM!A:G,7,FALSE)-VLOOKUP(D16,CARİDÖNEM!A:F,6,FALSE) -> 0
A17: 118A | B17: 4.Diğer Menkul Kıymetler | C17: =VLOOKUP(A17,CARİDÖNEM!A:F,6,FALSE)-VLOOKUP(A17,CARİDÖNEM!A:G,7,FALSE) -> 0 | D17: 32A | E17: B-Ticari Borçlar | F17: =SUM(F18:F22) -> 16383030
A18: 119A | B18: 5.Menkul Kıymetler Değer Düşüklüğü Karşılığı (-) | C18: =VLOOKUP(A18,CARİDÖNEM!A:F,6,FALSE)-VLOOKUP(A18,CARİDÖNEM!A:G,7,FALSE) -> 0 | D18: 320A | E18: 1. Satıcılar | F18: =VLOOKUP(D18,CARİDÖNEM!A:G,7,FALSE)-VLOOKUP(D18,CARİDÖNEM!A:F,6,FALSE) -> 16383030
A19: 12A | B19: C-Ticari Alacaklar | C19: =SUM(C20:C27) -> 8406791.5 | D19: 321A | E19: 2. Borç Senetleri | F19: =VLOOKUP(D19,CARİDÖNEM!A:G,7,FALSE)-VLOOKUP(D19,CARİDÖNEM!A:F,6,FALSE) -> 0
A20: 120A | B20: 1. Alıcılar | C20: =VLOOKUP(A20,CARİDÖNEM!A:F,6,FALSE)-VLOOKUP(A20,CARİDÖNEM!A:G,7,FALSE) -> 8370652.4 | D20: 322A | E20: 3. Borç Senetleri Reeskontu (-) | F20: =VLOOKUP(D20,CARİDÖNEM!A:G,7,FALSE)-VLOOKUP(D20,CARİDÖNEM!A:F,6,FALSE) -> 0
A21: 121A | B21: 2. Alacak Senetleri | C21: =VLOOKUP(A21,CARİDÖNEM!A:F,6,FALSE)-VLOOKUP(A21,CARİDÖNEM!A:G,7,FALSE) -> 0 | D21: 326A | E21: 4. Alınan Depozito ve Teminatlar | F21: =VLOOKUP(D21,CARİDÖNEM!A:G,7,FALSE)-VLOOKUP(D21,CARİDÖNEM!A:F,6,FALSE) -> 0
A22: 122A | B22: 3. Alacak Senetleri Reeskontu (-) | C22: =VLOOKUP(A22,CARİDÖNEM!A:F,6,FALSE)-VLOOKUP(A22,CARİDÖNEM!A:G,7,FALSE) -> 0 | D22: 329A | E22: 5. Diğer Ticari Borçlar | F22: =VLOOKUP(D22,CARİDÖNEM!A:G,7,FALSE)-VLOOKUP(D22,CARİDÖNEM!A:F,6,FALSE) -> 0
A23: 124A | B23: 4. Kazanılmamış Finansal Kiralama Faiz Gelirleri (-) | C23: =VLOOKUP(A23,CARİDÖNEM!A:F,6,FALSE)-VLOOKUP(A23,CARİDÖNEM!A:G,7,FALSE) -> 0 | D23: 33A | E23: C-Diğer Borçlar | F23: =SUM(F24:F29) -> 6210109.7
A24: 126A | B24: 5. Verilen Depozito ve Teminatlar | C24: =VLOOKUP(A24,CARİDÖNEM!A:F,6,FALSE)-VLOOKUP(A24,CARİDÖNEM!A:G,7,FALSE) -> 36139.1 | D24: 331A | E24: 1. Ortaklara Borçlar | F24: =VLOOKUP(D24,CARİDÖNEM!A:G,7,FALSE)-VLOOKUP(D24,CARİDÖNEM!A:F,6,FALSE) -> 0
A25: 127A | B25: 6. Diğer Ticari Alacaklar | C25: =VLOOKUP(A25,CARİDÖNEM!A:F,6,FALSE)-VLOOKUP(A25,CARİDÖNEM!A:G,7,FALSE) -> 0 | D25: 332A | E25: 2. İştiraklere Borçlar | F25: =VLOOKUP(D25,CARİDÖNEM!A:G,7,FALSE)-VLOOKUP(D25,CARİDÖNEM!A:F,6,FALSE) -> 0
A26: 128A | B26: 7. Şüpheli Ticari Alacaklar | C26: =VLOOKUP(A26,CARİDÖNEM!A:F,6,FALSE)-VLOOKUP(A26,CARİDÖNEM!A:G,7,FALSE) -> 0 | D26: 333A | E26: 3. Bağlı Ortaklıklara Borçlar | F26: =VLOOKUP(D26,CARİDÖNEM!A:G,7,FALSE)-VLOOKUP(D26,CARİDÖNEM!A:F,6,FALSE) -> 0
A27: 129A | B27: 8. Şüpheli Ticari Alacaklar Karşılığı (-) | C27: =VLOOKUP(A27,CARİDÖNEM!A:F,6,FALSE)-VLOOKUP(A27,CARİDÖNEM!A:G,7,FALSE) -> 0 | D27: 335A | E27: 4. Personele Borçlar | F27: =VLOOKUP(D27,CARİDÖNEM!A:G,7,FALSE)-VLOOKUP(D27,CARİDÖNEM!A:F,6,FALSE) -> 1210109.7
A28: 13A | B28: D-Diğer Alacaklar | C28: =SUM(C29:C36) -> 12663.37 | D28: 336A | E28: 5. Diğer Çeşitli Borçlar | F28: =VLOOKUP(D28,CARİDÖNEM!A:G,7,FALSE)-VLOOKUP(D28,CARİDÖNEM!A:F,6,FALSE) -> 5000000
A29: 131A | B29: 1. Ortaklardan Alacaklar | C29: =VLOOKUP(A29,CARİDÖNEM!A:F,6,FALSE)-VLOOKUP(A29,CARİDÖNEM!A:G,7,FALSE) -> 0 | D29: 337A | E29: 6. Diğer Borç Senetleri Reeskontu (-) | F29: =VLOOKUP(D29,CARİDÖNEM!A:G,7,FALSE)-VLOOKUP(D29,CARİDÖNEM!A:F,6,FALSE) -> 0
A30: 132A | B30: 2. İştiraklerden Alacaklar | C30: =VLOOKUP(A30,CARİDÖNEM!A:F,6,FALSE)-VLOOKUP(A30,CARİDÖNEM!A:G,7,FALSE) -> 0 | D30: 34A | E30: D-Alınan Avanslar | F30: =SUM(F31:F32) -> 3596343.5
A31: 133A | B31: 3. Bağlı Ortaklıklardan Alacaklar | C31: =VLOOKUP(A31,CARİDÖNEM!A:F,6,FALSE)-VLOOKUP(A31,CARİDÖNEM!A:G,7,FALSE) -> 0 | D31: 340A | E31: 1. Alınan Sipariş Avansları | F31: =VLOOKUP(D31,CARİDÖNEM!A:G,7,FALSE)-VLOOKUP(D31,CARİDÖNEM!A:F,6,FALSE) -> 3596343.5
A32: 135A | B32: 4. Personelden Alacaklar | C32: =VLOOKUP(A32,CARİDÖNEM!A:F,6,FALSE)-VLOOKUP(A32,CARİDÖNEM!A:G,7,FALSE) -> 0 | D32: 349A | E32: 2. Alınan Diğer Avanslar | F32: =VLOOKUP(D32,CARİDÖNEM!A:G,7,FALSE)-VLOOKUP(D32,CARİDÖNEM!A:F,6,FALSE) -> 0
A33: 136A | B33: 5. Diğer Çeşitli Alacaklar | C33: =VLOOKUP(A33,CARİDÖNEM!A:F,6,FALSE)-VLOOKUP(A33,CARİDÖNEM!A:G,7,FALSE) -> 12663.37 | D33: 35A | E33: E-Yıllara Yaygın İnş. Ve On. Hak. | F33: =SUM(F34:F35) -> 0
A34: 137A | B34: 6. Diğer Alacak Senetleri Reeskontu (-) | C34: =VLOOKUP(A34,CARİDÖNEM!A:F,6,FALSE)-VLOOKUP(A34,CARİDÖNEM!A:G,7,FALSE) -> 0 | D34: 350A | E34: 1. Yıllara Yaygın İnşaat ve Onarım Hakediş Bedelleri | F34: =VLOOKUP(D34,CARİDÖNEM!A:G,7,FALSE)-VLOOKUP(D34,CARİDÖNEM!A:F,6,FALSE) -> 0
A35: 138A | B35: 7. Şüpheli Diğer Alacaklar | C35: =VLOOKUP(A35,CARİDÖNEM!A:F,6,FALSE)-VLOOKUP(A35,CARİDÖNEM!A:G,7,FALSE) -> 0 | D35: 358A | E35: 2. Yıllara Yaygın İnşaat Enflasyon Düzeltme Hesabı | F35: =VLOOKUP(D35,CARİDÖNEM!A:G,7,FALSE)-VLOOKUP(D35,CARİDÖNEM!A:F,6,FALSE) -> 0
A36: 139A | B36: 8. Şüpheli Diğer Alacaklar Karşılığı (-) | C36: =VLOOKUP(A36,CARİDÖNEM!A:F,6,FALSE)-VLOOKUP(A36,CARİDÖNEM!A:G,7,FALSE) -> 0 | D36: 36A | E36: F-Ödenecek Vergi ve Diğer Yükümlülükler | F36: =SUM(F37:F40) -> 1889336.3
A37: 15A | B37: E-Stoklar | C37: =SUM(C38:C44) -> 17248997 | D37: 360A | E37: 1. Ödenecek Vergi ve Fonları | F37: =VLOOKUP(D37,CARİDÖNEM!A:G,7,FALSE)-VLOOKUP(D37,CARİDÖNEM!A:F,6,FALSE) -> 817362.96
A38: 150A | B38: 1. İlk Madde ve Malzeme | C38: =VLOOKUP(A38,CARİDÖNEM!A:F,6,FALSE)-VLOOKUP(A38,CARİDÖNEM!A:G,7,FALSE) -> 8584765.7 | D38: 361A | E38: 2. Ödenecek Sosyal Güvenlik Kesintileri | F38: =VLOOKUP(D38,CARİDÖNEM!A:G,7,FALSE)-VLOOKUP(D38,CARİDÖNEM!A:F,6,FALSE) -> 1064225.3
A39: 151A | B39: 2. Yarı Mamüller-Üretim | C39: =VLOOKUP(A39,CARİDÖNEM!A:F,6,FALSE)-VLOOKUP(A39,CARİDÖNEM!A:G,7,FALSE) -> 6262019.5 | D39: 368A | E39: 3. Vadesi Geçmiş Ertelenmiş veya Taksitlendirilmiş Vergi ve Diğer Yükümlülükler | F39: =VLOOKUP(D39,CARİDÖNEM!A:G,7,FALSE)-VLOOKUP(D39,CARİDÖNEM!A:F,6,FALSE) -> 0
A40: 152A | B40: 3. Mamüller | C40: =VLOOKUP(A40,CARİDÖNEM!A:F,6,FALSE)-VLOOKUP(A40,CARİDÖNEM!A:G,7,FALSE) -> 1094817.9 | D40: 369A | E40: 4. Ödenecek Diğer Yükümlülükler | F40: =VLOOKUP(D40,CARİDÖNEM!A:G,7,FALSE)-VLOOKUP(D40,CARİDÖNEM!A:F,6,FALSE) -> 7748
A41: 153A | B41: 4. Ticari Mallar | C41: =VLOOKUP(A41,CARİDÖNEM!A:F,6,FALSE)-VLOOKUP(A41,CARİDÖNEM!A:G,7,FALSE) -> 831113.97 | D41: 37A | E41: G-Borç ve Gider Karşılıkları | F41: =SUM(F42:F46) -> 0
A42: 157A | B42: 5. Diğer Stoklar | C42: =VLOOKUP(A42,CARİDÖNEM!A:F,6,FALSE)-VLOOKUP(A42,CARİDÖNEM!A:G,7,FALSE) -> 0 | D42: 370A | E42: 1. Dönem Karı Vergi ve Diğer Yasal Yükümlülük Karşılıkları | F42: =VLOOKUP(D42,CARİDÖNEM!A:G,7,FALSE)-VLOOKUP(D42,CARİDÖNEM!A:F,6,FALSE) -> 0
A43: 158A | B43: 6. Stok Değer Düşüklüğü Karşılığı (-) | C43: =VLOOKUP(A43,CARİDÖNEM!A:F,6,FALSE)-VLOOKUP(A43,CARİDÖNEM!A:G,7,FALSE) -> 0 | D43: 371A | E43: 2. Dönem Karının Peşin Ödenen Vergi ve Diğer Yükümlülükleri (-) | F43: =VLOOKUP(D43,CARİDÖNEM!A:G,7,FALSE)-VLOOKUP(D43,CARİDÖNEM!A:F,6,FALSE) -> 0
A44: 159A | B44: 7. Verilen Sipariş Avansları | C44: =VLOOKUP(A44,CARİDÖNEM!A:F,6,FALSE)-VLOOKUP(A44,CARİDÖNEM!A:G,7,FALSE) -> 476280 | D44: 372A | E44: 3. Kıdem Tazminatı Karşılığı | F44: =VLOOKUP(D44,CARİDÖNEM!A:G,7,FALSE)-VLOOKUP(D44,CARİDÖNEM!A:F,6,FALSE) -> 0
A45: 17A | B45: F-Yıllara Yaygın İnşaat ve Onarım Maliyetleri | C45: =SUM(C46:C48) -> 0 | D45: 373A | E45: 4. Maliyet Giderleri Karşılığı | F45: =VLOOKUP(D45,CARİDÖNEM!A:G,7,FALSE)-VLOOKUP(D45,CARİDÖNEM!A:F,6,FALSE) -> 0
A46: 170A | B46: 1. Yıllara Yaygın İnşaat ve Onarım Maliyetleri | C46: =VLOOKUP(A46,CARİDÖNEM!A:F,6,FALSE)-VLOOKUP(A46,CARİDÖNEM!A:G,7,FALSE) -> 0 | D46: 379A | E46: 5. Diğer Borç ve Gider Karşılıkları | F46: =VLOOKUP(D46,CARİDÖNEM!A:G,7,FALSE)-VLOOKUP(D46,CARİDÖNEM!A:F,6,FALSE) -> 0
A47: 178A | B47: 2. Yıllara Yaygın İnşaat Enflasyon Düzeltme Hesabı | C47: =VLOOKUP(A47,CARİDÖNEM!A:F,6,FALSE)-VLOOKUP(A47,CARİDÖNEM!A:G,7,FALSE) -> 0 | D47: 38A | E47: H-Gelecek Aylara Ait Gelirler ve Gider Tahakkukları | F47: =SUM(F48:F49) -> 923698.84
A48: 179A | B48: 3. Taşeronlara Verilen Avanslar | C48: =VLOOKUP(A48,CARİDÖNEM!A:F,6,FALSE)-VLOOKUP(A48,CARİDÖNEM!A:G,7,FALSE) -> 0 | D48: 380A | E48: 1. Gelecek Aylara Ait Gelirler | F48: =VLOOKUP(D48,CARİDÖNEM!A:G,7,FALSE)-VLOOKUP(D48,CARİDÖNEM!A:F,6,FALSE) -> 923698.84
A49: 18A | B49: G-Gelecek Aylara Ait Giderler ve Gelir Tahakkukları | C49: =SUM(C50:C51) -> 365312.71 | D49: 381A | E49: 2. Gider Tahakkukları | F49: =VLOOKUP(D49,CARİDÖNEM!A:G,7,FALSE)-VLOOKUP(D49,CARİDÖNEM!A:F,6,FALSE) -> 0
A50: 180A | B50: 1. Gelecek Aylara Ait Giderler | C50: =VLOOKUP(A50,CARİDÖNEM!A:F,6,FALSE)-VLOOKUP(A50,CARİDÖNEM!A:G,7,FALSE) -> 365312.71 | D50: 39A | E50: I-Diğer Kısa Vadeli Yabancı Kaynaklar | F50: =SUM(F51:F61) -> 0
A51: 181A | B51: 2. Gelir Tahakkukları | C51: =VLOOKUP(A51,CARİDÖNEM!A:F,6,FALSE)-VLOOKUP(A51,CARİDÖNEM!A:G,7,FALSE) -> 0 | D51: 391A | E51: 1. Hesaplanan KDV | F51: =VLOOKUP(D51,CARİDÖNEM!A:G,7,FALSE)-VLOOKUP(D51,CARİDÖNEM!A:F,6,FALSE) -> 0
A52: 19A | B52: H-Diğer Dönen Varlıklar | C52: =SUM(C53:C61) -> 1597692.1 | D52: 392A | E52: 2. Diğer KDV | F52: =VLOOKUP(D52,CARİDÖNEM!A:G,7,FALSE)-VLOOKUP(D52,CARİDÖNEM!A:F,6,FALSE) -> 0
A53: 190A | B53: 1. Devreden KDV | C53: =VLOOKUP(A53,CARİDÖNEM!A:F,6,FALSE)-VLOOKUP(A53,CARİDÖNEM!A:G,7,FALSE) -> 0 | D53: 393A | E53: 3. Merkez Ve Şubeler Cari Hesabı | F53: =VLOOKUP(D53,CARİDÖNEM!A:G,7,FALSE)-VLOOKUP(D53,CARİDÖNEM!A:F,6,FALSE) -> 0
A54: 191A | B54: 2. İndirilecek KDV | C54: =VLOOKUP(A54,CARİDÖNEM!A:F,6,FALSE)-VLOOKUP(A54,CARİDÖNEM!A:G,7,FALSE) -> 0 | D54: 397A | E54: 4. Sayım ve Tesellüm Fazlaları | F54: =VLOOKUP(D54,CARİDÖNEM!A:G,7,FALSE)-VLOOKUP(D54,CARİDÖNEM!A:F,6,FALSE) -> 0
A55: 192A | B55: 3. Diğer KDV | C55: =VLOOKUP(A55,CARİDÖNEM!A:F,6,FALSE)-VLOOKUP(A55,CARİDÖNEM!A:G,7,FALSE) -> 1182889 | D55: 399A | E55: 5. Diğer Çeşitli Yabancı Kaynaklar | F55: =VLOOKUP(D55,CARİDÖNEM!A:G,7,FALSE)-VLOOKUP(D55,CARİDÖNEM!A:F,6,FALSE) -> 0
A56: 193A | B56: 4.Peşin Ödenen Vergiler ve Fonlar | C56: =VLOOKUP(A56,CARİDÖNEM!A:F,6,FALSE)-VLOOKUP(A56,CARİDÖNEM!A:G,7,FALSE) -> 188235.29
A57: 195A | B57: 5. İş Avansları | C57: =VLOOKUP(A57,CARİDÖNEM!A:F,6,FALSE)-VLOOKUP(A57,CARİDÖNEM!A:G,7,FALSE) -> 58567.87
A58: 196A | B58: 6. Personel Avansları | C58: =VLOOKUP(A58,CARİDÖNEM!A:F,6,FALSE)-VLOOKUP(A58,CARİDÖNEM!A:G,7,FALSE) -> 168000
A59: 197A | B59: 7. Sayım ve Tesellüm Noksanları | C59: =VLOOKUP(A59,CARİDÖNEM!A:F,6,FALSE)-VLOOKUP(A59,CARİDÖNEM!A:G,7,FALSE) -> 0
A60: 198A | B60: 8. Diğer Çeşitli Dönen Varlıklar | C60: =VLOOKUP(A60,CARİDÖNEM!A:F,6,FALSE)-VLOOKUP(A60,CARİDÖNEM!A:G,7,FALSE) -> 0
A61: 199A | B61: 9. Diğer Dönen Varlıklar Karşılığı (-) | C61: =VLOOKUP(A61,CARİDÖNEM!A:F,6,FALSE)-VLOOKUP(A61,CARİDÖNEM!A:G,7,FALSE) -> 0
A63: DÖNEN VARLIKLAR TOPLAMI | C63: =C6 -> 31888964 | D63: K.VADELİ YABANCI KAYN. TOPLAMI | F63: =F6 -> 29002519
A69: =A2 -> DUYAR POMPA VE HİDROFOR SİSTEMLERİ SAN. VE TİC. A.Ş.
A70: =A3 -> 30.06.2024 TARİHLİ AYRINTILI BİLANÇOSU
C72: Cari Dönem | F72: Cari Dönem
A73: 2A | B73: 2-DURAN VARLIKLAR | C73: =SUM(C74+C81+C89+C100+C111+C121+C127+C130) -> 10909908 | D73: 4A | E73: 4-UZUN VADELİ YABANCI KAYNAKLAR | F73: =SUM(F74+F82+F88+F95+F98+F101+F104) -> 0
A74: 22A | B74: A-Ticari Alacaklar | C74: =SUM(C75:C80) -> 380625.76 | D74: 40A | E74: A-Mali Borçlar | F74: =SUM(F75:F81) -> 0
A75: 220A | B75: 1. Alıcılar | C75: =VLOOKUP(A75,CARİDÖNEM!A:F,6,FALSE)-VLOOKUP(A75,CARİDÖNEM!A:G,7,FALSE) -> 0 | D75: 400A | E75: 1. Banka Kredileri | F75: =VLOOKUP(D75,CARİDÖNEM!A:G,7,FALSE)-VLOOKUP(D75,CARİDÖNEM!A:F,6,FALSE) -> 0
A76: 221A | B76: 2. Alacak Senetleri | C76: =VLOOKUP(A76,CARİDÖNEM!A:F,6,FALSE)-VLOOKUP(A76,CARİDÖNEM!A:G,7,FALSE) -> 0 | D76: 401A | E76: 2. Finansal Kiralama İşlemlerinden Doğan Borçlar | F76: =VLOOKUP(D76,CARİDÖNEM!A:G,7,FALSE)-VLOOKUP(D76,CARİDÖNEM!A:F,6,FALSE) -> 0
A77: 222A | B77: 3. Alacak Senetleri Reeskontu (-) | C77: =VLOOKUP(A77,CARİDÖNEM!A:F,6,FALSE)-VLOOKUP(A77,CARİDÖNEM!A:G,7,FALSE) -> 0 | D77: 402A | E77: 3. Ertelenmiş Finansal Kiralama Borçlanma Maliyetleri (-) | F77: =VLOOKUP(D77,CARİDÖNEM!A:G,7,FALSE)-VLOOKUP(D77,CARİDÖNEM!A:F,6,FALSE) -> 0
A78: 224A | B78: 4. Kazanılmamış Finansal Kiralama Faiz Gelirleri (-) | C78: =VLOOKUP(A78,CARİDÖNEM!A:F,6,FALSE)-VLOOKUP(A78,CARİDÖNEM!A:G,7,FALSE) -> 0 | D78: 405A | E78: 4. Çıkarılmış Tahviller | F78: =VLOOKUP(D78,CARİDÖNEM!A:G,7,FALSE)-VLOOKUP(D78,CARİDÖNEM!A:F,6,FALSE) -> 0
A79: 226A | B79: 5. Verilen Depozito ve Teminatlar | C79: =VLOOKUP(A79,CARİDÖNEM!A:F,6,FALSE)-VLOOKUP(A79,CARİDÖNEM!A:G,7,FALSE) -> 380625.76 | D79: 407A | E79: 5. Çıkarılmış Diğer Menkul Kıymetler | F79: =VLOOKUP(D79,CARİDÖNEM!A:G,7,FALSE)-VLOOKUP(D79,CARİDÖNEM!A:F,6,FALSE) -> 0
A80: 229A | B80: 6. Şüpheli Alacaklar Karşılığı (-) | C80: =VLOOKUP(A80,CARİDÖNEM!A:F,6,FALSE)-VLOOKUP(A80,CARİDÖNEM!A:G,7,FALSE) -> 0 | D80: 408A | E80: 6. Menkul Kıymetler İhraç Farkı (-) | F80: =VLOOKUP(D80,CARİDÖNEM!A:G,7,FALSE)-VLOOKUP(D80,CARİDÖNEM!A:F,6,FALSE) -> 0
A81: 23A | B81: B-Diğer Alacaklar | C81: =SUM(C82:C88) -> 0 | D81: 409A | E81: 7. Diğer Mali Borçlar | F81: =VLOOKUP(D81,CARİDÖNEM!A:G,7,FALSE)-VLOOKUP(D81,CARİDÖNEM!A:F,6,FALSE) -> 0
A82: 231A | B82: 1. Ortaklardan Alacaklar | C82: =VLOOKUP(A82,CARİDÖNEM!A:F,6,FALSE)-VLOOKUP(A82,CARİDÖNEM!A:G,7,FALSE) -> 0 | D82: 42A | E82: B-Ticari Borçlar | F82: =SUM(F83:F87) -> 0
A83: 232A | B83: 2. İştiraklerden Alacaklar | C83: =VLOOKUP(A83,CARİDÖNEM!A:F,6,FALSE)-VLOOKUP(A83,CARİDÖNEM!A:G,7,FALSE) -> 0 | D83: 420A | E83: 1. Satıcılar | F83: =VLOOKUP(D83,CARİDÖNEM!A:G,7,FALSE)-VLOOKUP(D83,CARİDÖNEM!A:F,6,FALSE) -> 0
A84: 233A | B84: 3. Bağlı Ortaklıklardan Alacaklar | C84: =VLOOKUP(A84,CARİDÖNEM!A:F,6,FALSE)-VLOOKUP(A84,CARİDÖNEM!A:G,7,FALSE) -> 0 | D84: 421A | E84: 2. Borç Senetleri | F84: =VLOOKUP(D84,CARİDÖNEM!A:G,7,FALSE)-VLOOKUP(D84,CARİDÖNEM!A:F,6,FALSE) -> 0
A85: 235A | B85: 4. Personelden Alacaklar | C85: =VLOOKUP(A85,CARİDÖNEM!A:F,6,FALSE)-VLOOKUP(A85,CARİDÖNEM!A:G,7,FALSE) -> 0 | D85: 422A | E85: 3. Borç Senetleri Reeskontu (-) | F85: =VLOOKUP(D85,CARİDÖNEM!A:G,7,FALSE)-VLOOKUP(D85,CARİDÖNEM!A:F,6,FALSE) -> 0
A86: 236A | B86: 5. Diğer Çeşitli Alacaklar | C86: =VLOOKUP(A86,CARİDÖNEM!A:F,6,FALSE)-VLOOKUP(A86,CARİDÖNEM!A:G,7,FALSE) -> 0 | D86: 426A | E86: 4. Alınan Depozito ve Teminatlar | F86: =VLOOKUP(D86,CARİDÖNEM!A:G,7,FALSE)-VLOOKUP(D86,CARİDÖNEM!A:F,6,FALSE) -> 0
A87: 237A | B87: 6. Diğer Alacak Senetleri Reeskontu (-) | C87: =VLOOKUP(A87,CARİDÖNEM!A:F,6,FALSE)-VLOOKUP(A87,CARİDÖNEM!A:G,7,FALSE) -> 0 | D87: 429A | E87: 5. Diğer Ticari Borçlar | F87: =VLOOKUP(D87,CARİDÖNEM!A:G,7,FALSE)-VLOOKUP(D87,CARİDÖNEM!A:F,6,FALSE) -> 0
A88: 239A | B88: 7. Şüpheli Alacaklar Karşılığı (-) | C88: =VLOOKUP(A88,CARİDÖNEM!A:F,6,FALSE)-VLOOKUP(A88,CARİDÖNEM!A:G,7,FALSE) -> 0 | D88: 43A | E88: C-Diğer Borçlar | F88: =SUM(F89:F94) -> 0
A89: 24A | B89: C-Mali Duran Varlıklar | C89: =SUM(C90:C99) -> 0 | D89: 431A | E89: 1. Ortaklara Borçlar | F89: =VLOOKUP(D89,CARİDÖNEM!A:G,7,FALSE)-VLOOKUP(D89,CARİDÖNEM!A:F,6,FALSE) -> 0
A90: 240A | B90: 1. Bağlı Menkul Kıymetler | C90: =VLOOKUP(A90,CARİDÖNEM!A:F,6,FALSE)-VLOOKUP(A90,CARİDÖNEM!A:G,7,FALSE) -> 0 | D90: 432A | E90: 2. İştiraklere Borçlar | F90: =VLOOKUP(D90,CARİDÖNEM!A:G,7,FALSE)-VLOOKUP(D90,CARİDÖNEM!A:F,6,FALSE) -> 0
A91: 241A | B91: 2. Bağlı Menkul Kıymetler Değer Düşüklüğü Karşılığı (-) | C91: =VLOOKUP(A91,CARİDÖNEM!A:F,6,FALSE)-VLOOKUP(A91,CARİDÖNEM!A:G,7,FALSE) -> 0 | D91: 433A | E91: 3. Bağlı Ortaklıklara Borçlar | F91: =VLOOKUP(D91,CARİDÖNEM!A:G,7,FALSE)-VLOOKUP(D91,CARİDÖNEM!A:F,6,FALSE) -> 0
A92: 242A | B92: 3. İştirakler | C92: =VLOOKUP(A92,CARİDÖNEM!A:F,6,FALSE)-VLOOKUP(A92,CARİDÖNEM!A:G,7,FALSE) -> 0 | D92: 436A | E92: 4. Diğer Çeşitli Borçlar | F92: =VLOOKUP(D92,CARİDÖNEM!A:G,7,FALSE)-VLOOKUP(D92,CARİDÖNEM!A:F,6,FALSE) -> 0
A93: 243A | B93: 4. İştiraklere Sermaye Taahhütleri (-) | C93: =VLOOKUP(A93,CARİDÖNEM!A:F,6,FALSE)-VLOOKUP(A93,CARİDÖNEM!A:G,7,FALSE) -> 0 | D93: 437A | E93: 5. Diğer Borç Senetleri Reeskontu (-) | F93: =VLOOKUP(D93,CARİDÖNEM!A:G,7,FALSE)-VLOOKUP(D93,CARİDÖNEM!A:F,6,FALSE) -> 0
A94: 244A | B94: 5. İştirakler Sermaye Payları Değer Değer Düşüklüğü Karşılığı (-) | C94: =VLOOKUP(A94,CARİDÖNEM!A:F,6,FALSE)-VLOOKUP(A94,CARİDÖNEM!A:G,7,FALSE) -> 0 | D94: 438A | E94: 6. Kamuya Olan Ertelenmiy veya Taksitlendirilmiş Borçlar | F94: =VLOOKUP(D94,CARİDÖNEM!A:G,7,FALSE)-VLOOKUP(D94,CARİDÖNEM!A:F,6,FALSE) -> 0
A95: 245A | B95: 6. Bağlı Ortaklıklar | C95: =VLOOKUP(A95,CARİDÖNEM!A:F,6,FALSE)-VLOOKUP(A95,CARİDÖNEM!A:G,7,FALSE) -> 0 | D95: 44A | E95: D-Alınan Avanslar | F95: =SUM(F96:F97) -> 0
A96: 246A | B96: 7. Bağlı Ortaklıklara Sermaye Taahhütleri (-) | C96: =VLOOKUP(A96,CARİDÖNEM!A:F,6,FALSE)-VLOOKUP(A96,CARİDÖNEM!A:G,7,FALSE) -> 0 | D96: 440A | E96: 1. Alınan Sipariş Avansları | F96: =VLOOKUP(D96,CARİDÖNEM!A:G,7,FALSE)-VLOOKUP(D96,CARİDÖNEM!A:F,6,FALSE) -> 0
A97: 247A | B97: 8. Bağlı Ortaklıklar Sermaye Payları Değer Düşüklüğü Karşılığı (-) | C97: =VLOOKUP(A97,CARİDÖNEM!A:F,6,FALSE)-VLOOKUP(A97,CARİDÖNEM!A:G,7,FALSE) -> 0 | D97: 449A | E97: 2. Alınan Diğer Avanslar | F97: =VLOOKUP(D97,CARİDÖNEM!A:G,7,FALSE)-VLOOKUP(D97,CARİDÖNEM!A:F,6,FALSE) -> 0
A98: 248A | B98: 9. Diğer Mali Duran Varlıklar | D98: 47A | E98: E-Borç ve Gider Karşılıkları | F98: =SUM(F99:F100) -> 0
A99: 249A | B99: 10. Diğer Mali Duran Varlıklar Karşılığı (-) | C99: =VLOOKUP(A99,CARİDÖNEM!A:F,6,FALSE)-VLOOKUP(A99,CARİDÖNEM!A:G,7,FALSE) -> 0 | D99: 472A | E99: 1. Kıdem Tazminatı Karşılıkları | F99: =VLOOKUP(D99,CARİDÖNEM!A:G,7,FALSE)-VLOOKUP(D99,CARİDÖNEM!A:F,6,FALSE) -> 0
A100: 25A | B100: D-Maddi Duran Varlıklar | C100: =SUM(C101:C110) -> 10146218 | D100: 479A | E100: 2. Diğer Borç ve Gider Karşılıkları | F100: =VLOOKUP(D100,CARİDÖNEM!A:G,7,FALSE)-VLOOKUP(D100,CARİDÖNEM!A:F,6,FALSE) -> 0
A101: 250A | B101: 1. Arazi ve Arsalar | C101: =VLOOKUP(A101,CARİDÖNEM!A:F,6,FALSE)-VLOOKUP(A101,CARİDÖNEM!A:G,7,FALSE) -> 0 | D101: 48A | E101: F-Gelecek Yıllara Ait Gelirler ve Gider Tahakkukları | F101: =SUM(F102:F103) -> 0
A102: 251A | B102: 2. Yeraltı ve Yerüstü Düzenleri | C102: =VLOOKUP(A102,CARİDÖNEM!A:F,6,FALSE)-VLOOKUP(A102,CARİDÖNEM!A:G,7,FALSE) -> 0 | D102: 480A | E102: 1. Gelecek Yıllara Ait Gelirler | F102: =VLOOKUP(D102,CARİDÖNEM!A:G,7,FALSE)-VLOOKUP(D102,CARİDÖNEM!A:F,6,FALSE) -> 0
A103: 252A | B103: 3. Binalar | C103: =VLOOKUP(A103,CARİDÖNEM!A:F,6,FALSE)-VLOOKUP(A103,CARİDÖNEM!A:G,7,FALSE) -> 0 | D103: 481A | E103: 2. Gider Tahakkukları | F103: =VLOOKUP(D103,CARİDÖNEM!A:G,7,FALSE)-VLOOKUP(D103,CARİDÖNEM!A:F,6,FALSE) -> 0
A104: 253A | B104: 4. Tesis, Makina ve Cihazlar | C104: =VLOOKUP(A104,CARİDÖNEM!A:F,6,FALSE)-VLOOKUP(A104,CARİDÖNEM!A:G,7,FALSE) -> 3878904.3 | D104: 49A | E104: G-Diğer Uzun Vadeli Yabancı Kaynaklar | F104: =SUM(F105:F107) -> 0
A105: 254A | B105: 5. Taşıtlar | C105: =VLOOKUP(A105,CARİDÖNEM!A:F,6,FALSE)-VLOOKUP(A105,CARİDÖNEM!A:G,7,FALSE) -> 6966194.9 | D105: 492A | E105: 1. Gelecek Yıllara Eklenen veya Terkin Edilen KDV | F105: =VLOOKUP(D105,CARİDÖNEM!A:G,7,FALSE)-VLOOKUP(D105,CARİDÖNEM!A:F,6,FALSE) -> 0
A106: 255A | B106: 6. Demirbaşlar | C106: =VLOOKUP(A106,CARİDÖNEM!A:F,6,FALSE)-VLOOKUP(A106,CARİDÖNEM!A:G,7,FALSE) -> 1773761.6 | D106: 493A | E106: 2. Tesise Katılma Payları | F106: =VLOOKUP(D106,CARİDÖNEM!A:G,7,FALSE)-VLOOKUP(D106,CARİDÖNEM!A:F,6,FALSE) -> 0
A107: 256A | B107: 7. Diğer Maddi Duran Varlıklar | C107: =VLOOKUP(A107,CARİDÖNEM!A:F,6,FALSE)-VLOOKUP(A107,CARİDÖNEM!A:G,7,FALSE) -> 6730866.2 | D107: 499A | E107: 3. Diğer Çeşitli Uzun Vadeli Yabancı Kaynaklar Toplamı | F107: =VLOOKUP(D107,CARİDÖNEM!A:G,7,FALSE)-VLOOKUP(D107,CARİDÖNEM!A:F,6,FALSE) -> 0
A108: 257A | B108: 8. Birikmiş Amortismanlar (-) | C108: =VLOOKUP(A108,CARİDÖNEM!A:F,6,FALSE)-VLOOKUP(A108,CARİDÖNEM!A:G,7,FALSE) -> -9203509.3
A109: 258A | B109: 9. Yapılmakta Olan Yatırımlar | C109: =VLOOKUP(A109,CARİDÖNEM!A:F,6,FALSE)-VLOOKUP(A109,CARİDÖNEM!A:G,7,FALSE) -> 0 | E109: UZUN VADELİ YABANCI KAYNAKLAR TOPLAMI | F109: =F73 -> 0
...

Sheet GELİR TABLOSU
B2: DUYAR POMPA VE HİDROFOR SİSTEMLERİ SAN. VE TİC. A.Ş.
B3: 30.06.2024 TARİHLİ AYRINTILI GELİR TABLOSU
C5: Cari Dönem
B7: A-BRÜT SATIŞLAR | C7: =SUM(C8:C10) -> 58465508
A8: 600A | B8: 1-Yurt İçi Satışlar | C8: =VLOOKUP(A8,CARİDÖNEM!A:G,7,FALSE)+VLOOKUP(A8,CARİDÖNEM!A:F,6,FALSE) -> 48472645
A9: 601A | B9: 2-Yurt Dışı Satışlar | C9: =VLOOKUP(A9,CARİDÖNEM!A:G,7,FALSE)+VLOOKUP(A9,CARİDÖNEM!A:F,6,FALSE) -> 9543065.3
A10: 602A | B10: 3-Diğer Gelirler | C10: =VLOOKUP(A10,CARİDÖNEM!A:G,7,FALSE)+VLOOKUP(A10,CARİDÖNEM!A:F,6,FALSE) -> 449797.32
B11: B-SATIŞ İNDİRİMLERİ ( - ) | C11: =SUM(C12:C14) -> 374449.3
A12: 610A | B12: 1-Satıştan İadeler ( - ) | C12: =VLOOKUP(A12,CARİDÖNEM!A:G,7,FALSE)+VLOOKUP(A12,CARİDÖNEM!A:F,6,FALSE) -> 355451.5
A13: 611A | B13: 2-Satıştan İskontalar ( - ) | C13: =VLOOKUP(A13,CARİDÖNEM!A:G,7,FALSE)+VLOOKUP(A13,CARİDÖNEM!A:F,6,FALSE) -> 0
A14: 612A | B14: 3-Diğer İndirimler ( - ) | C14: =VLOOKUP(A14,CARİDÖNEM!A:G,7,FALSE)+VLOOKUP(A14,CARİDÖNEM!A:F,6,FALSE) -> 18997.8
B15: C-NET SATIŞLAR | C15: =C7-C11 -> 58091058
B16: D-SATIŞLARIN MALİYETİ ( - ) | C16: =SUM(C17:C20) -> 46047328
A17: 620A | B17: 1-Satılan Mamüller Maliyeti ( - ) | C17: =VLOOKUP(A17,CARİDÖNEM!A:G,7,FALSE)+VLOOKUP(A17,CARİDÖNEM!A:F,6,FALSE) -> 40699685
A18: 621A | B18: 2-Satılan Ticari Mallar Maliyeti ( - ) | C18: =VLOOKUP(A18,CARİDÖNEM!A:G,7,FALSE)+VLOOKUP(A18,CARİDÖNEM!A:F,6,FALSE) -> 4769332
A19: 622A | B19: 3-Satılan Hizmet Maliyeti ( - ) | C19: =VLOOKUP(A19,CARİDÖNEM!A:G,7,FALSE)+VLOOKUP(A19,CARİDÖNEM!A:F,6,FALSE) -> 0
A20: 623A | B20: 4-Diğer Satışların Maliyeti ( - ) | C20: =VLOOKUP(A20,CARİDÖNEM!A:G,7,FALSE)+VLOOKUP(A20,CARİDÖNEM!A:F,6,FALSE) -> 578310.33
B21: BRÜT SATIŞ KARI VEYA ZARARI | C21: =(C7-C11)-C16 -> 12043731
B22: E-FAALİYET GİDERLERİ | C22: =SUM(C23:C25) -> 12506569
A23: 630A | B23: 1-Araştırma ve Geliştirme Giderleri ( - ) | C23: =VLOOKUP(A23,CARİDÖNEM!A:G,7,FALSE)+VLOOKUP(A23,CARİDÖNEM!A:F,6,FALSE) -> 2017980.9
A24: 631A | B24: 2-Pazarlama, Satış ve Dağıtım Giderleri (-) | C24: =VLOOKUP(A24,CARİDÖNEM!A:G,7,FALSE)+VLOOKUP(A24,CARİDÖNEM!A:F,6,FALSE) -> 4115122.9
A25: 632A | B25: 3-Genel Yönetim Giderleri ( - ) | C25: =VLOOKUP(A25,CARİDÖNEM!A:G,7,FALSE)+VLOOKUP(A25,CARİDÖNEM!A:F,6,FALSE) -> 6373464.7
B26: FAALİYET KARI VEYA ZARARI | C26: =SUM(C21,-C22) -> -462838
B27: F-DİĞER FAALİYETLERDEN OLAĞAN GELİR VE KARLAR | C27: =SUM(C28:C37) -> 848831.63
A28: 640A | B28: 1-İştiraklerden Temettü Gelirleri | C28: =VLOOKUP(A28,CARİDÖNEM!A:G,7,FALSE)+VLOOKUP(A28,CARİDÖNEM!A:F,6,FALSE) -> 0
A29: 641A | B29: 2-Bağlı Ortaklıklardan Temettü Gelirleri | C29: =VLOOKUP(A29,CARİDÖNEM!A:G,7,FALSE)+VLOOKUP(A29,CARİDÖNEM!A:F,6,FALSE) -> 0
A30: 642A | B30: 3-Faiz Gelirleri | C30: =VLOOKUP(A30,CARİDÖNEM!A:G,7,FALSE)+VLOOKUP(A30,CARİDÖNEM!A:F,6,FALSE) -> 0
A31: 643A | B31: 4-Komisyon Gelirleri | C31: =VLOOKUP(A31,CARİDÖNEM!A:G,7,FALSE)+VLOOKUP(A31,CARİDÖNEM!A:F,6,FALSE) -> 0
A32: 644A | B32: 5-Konusu Kalmayan Karşılıklar | C32: =VLOOKUP(A32,CARİDÖNEM!A:G,7,FALSE)+VLOOKUP(A32,CARİDÖNEM!A:F,6,FALSE) -> 0
A33: 645A | B33: 6-Menkul Kıymet Satış Karları | C33: =VLOOKUP(A33,CARİDÖNEM!A:G,7,FALSE)+VLOOKUP(A33,CARİDÖNEM!A:F,6,FALSE) -> 0
A34: 646A | B34: 7-Kambiyo Karları | C34: =VLOOKUP(A34,CARİDÖNEM!A:G,7,FALSE)+VLOOKUP(A34,CARİDÖNEM!A:F,6,FALSE) -> 337735.13
A35: 647A | B35: 8-Reeskont Faiz Gelirleri | C35: =VLOOKUP(A35,CARİDÖNEM!A:G,7,FALSE)+VLOOKUP(A35,CARİDÖNEM!A:F,6,FALSE) -> 0
A36: 648A | B36: 9-Enflasyon Düzeltmesi Karları | C36: =VLOOKUP(A36,CARİDÖNEM!A:G,7,FALSE)+VLOOKUP(A36,CARİDÖNEM!A:F,6,FALSE) -> 0
A37: 649A | B37: 10-Diğer Olağan Gelir ve Karlar | C37: =VLOOKUP(A37,CARİDÖNEM!A:G,7,FALSE)+VLOOKUP(A37,CARİDÖNEM!A:F,6,FALSE) -> 511096.5
B38: G-DİĞER FAAL. OLAĞAN GİDER VE ZARARLAR(-) | C38: =SUM(C39:C45) -> 1435160.8
A39: 653A | B39: 1-Komisyon Giderleri ( - ) | C39: =VLOOKUP(A39,CARİDÖNEM!A:G,7,FALSE)+VLOOKUP(A39,CARİDÖNEM!A:F,6,FALSE) -> 570440.12
A40: 654A | B40: 2-Karşılık Giderleri ( - ) | C40: =VLOOKUP(A40,CARİDÖNEM!A:G,7,FALSE)+VLOOKUP(A40,CARİDÖNEM!A:F,6,FALSE) -> 0
A41: 655A | B41: 3-Menkul Kıymet Satış Zararları ( - ) | C41: =VLOOKUP(A41,CARİDÖNEM!A:G,7,FALSE)+VLOOKUP(A41,CARİDÖNEM!A:F,6,FALSE) -> 0
A42: 656A | B42: 4-Kambiyo Zararları ( - ) | C42: =VLOOKUP(A42,CARİDÖNEM!A:G,7,FALSE)+VLOOKUP(A42,CARİDÖNEM!A:F,6,FALSE) -> 797940.23
A43: 657A | B43: 5-Reeskont Faiz Giderleri ( - ) | C43: =VLOOKUP(A43,CARİDÖNEM!A:G,7,FALSE)+VLOOKUP(A43,CARİDÖNEM!A:F,6,FALSE) -> 0
A44: 658A | B44: 6-Enflasyon Düzeltmesi Zararları (-) | C44: =VLOOKUP(A44,CARİDÖNEM!A:G,7,FALSE)+VLOOKUP(A44,CARİDÖNEM!A:F,6,FALSE) -> 64487.22
A45: 659A | B45: 7-Diğer Olağan Gider ve Zararlar ( - ) | C45: =VLOOKUP(A45,CARİDÖNEM!A:G,7,FALSE)+VLOOKUP(A45,CARİDÖNEM!A:F,6,FALSE) -> 2293.18
B46: H-FİNANSMAN GİDERLERİ ( - ) | C46: =SUM(C47:C48) -> 38849.59
A47: 660A | B47: 1-Kısa Vadeli Borçlanma Giderleri ( - ) | C47: =VLOOKUP(A47,CARİDÖNEM!A:G,7,FALSE)+VLOOKUP(A47,CARİDÖNEM!A:F,6,FALSE) -> 38849.59
A48: 661A | B48: 2-Uzun Vadeli Borçlanma Giderleri ( - ) | C48: =VLOOKUP(A48,CARİDÖNEM!A:G,7,FALSE)+VLOOKUP(A48,CARİDÖNEM!A:F,6,FALSE) -> 0
B49: OLAĞAN KAR VEYA ZARAR | C49: =(((((C7-C11)-C16)-C22)+C27)-C38)-C46 -> -1088016.7
B50: I-OLAĞAN DIŞI GELİR VE KARLAR | C50: =C51+C52 -> 25909.78
A51: 671A | B51: 1-Önceki Dönem Gelir ve Karları | C51: =VLOOKUP(A51,CARİDÖNEM!A:G,7,FALSE)+VLOOKUP(A51,CARİDÖNEM!A:F,6,FALSE) -> 0
A52: 679A | B52: 2-Diğer Olağandışı Gelir ve Karlar | C52: =VLOOKUP(A52,CARİDÖNEM!A:G,7,FALSE)+VLOOKUP(A52,CARİDÖNEM!A:F,6,FALSE) -> 25909.78
B53: J-OLAĞANDIŞI GİDER VE ZARARLAR ( - ) | C53: =SUM(C54:C56) -> 289882.88
A54: 680A | B54: 1-Çalışmayan Kısım Gider ve Zararları ( - ) | C54: =VLOOKUP(A54,CARİDÖNEM!A:G,7,FALSE)+VLOOKUP(A54,CARİDÖNEM!A:F,6,FALSE) -> 0
A55: 681A | B55: 2-Önceki Dönem Gider ve Zararları ( - ) | C55: =VLOOKUP(A55,CARİDÖNEM!A:G,7,FALSE)+VLOOKUP(A55,CARİDÖNEM!A:F,6,FALSE) -> 0
A56: 689A | B56: 3-Diğer Olağandışı Gider ve Zararlar ( - ) | C56: =VLOOKUP(A56,CARİDÖNEM!A:G,7,FALSE)+VLOOKUP(A56,CARİDÖNEM!A:F,6,FALSE) -> 289882.88
B57: DÖNEM KARI VEYA ZARARI | C57: =(((((((C7-C11)-C16)-C22)+C27)-C38)-C46)+C50)-C53 -> -1351989.8
A58: 691A | B58: K-DÖNEM KARI VERGİ VE DİĞER YASAL YÜK. KARŞ.(-) | C58: =VLOOKUP(A58,CARİDÖNEM!A:G,7,FALSE)+VLOOKUP(A58,CARİDÖNEM!A:F,6,FALSE) -> 0
B59: DÖNEM NET KARI VEYA ZARARI | C59: =((((((((C7-C11)-C16)-C22)+C27)-C38)-C46)+C50)-C53)-C58 -> -1351989.8
B62: MATRAH | C62: =+C57 -> -1351989.8
B63: KKEG | C63: =+GETPIVOTDATA("Toplam Borç Tutarı",KKEG!$D$350) -> 289882.88
B64: FİNANSMAN GİDER KISITLAMASI | C64: 0
B65: TOPLAM KKEG | C65: =+C63+C64 -> 289882.88
B66: TOPLAM VERGİ MATRAHI | C66: =+C62+C65 -> -1062106.9
B68: BAĞIŞ VE YARDIMLAR TOPLAMI | C68: 0
B69: GEÇMİŞ YILLAR ZARARLARI | C69: 0
B70: İNDİRİMLER TOPLAMI | C70: =+C69+C68 -> 0
B72: NET VERGİ MATRAHI | C72: =+C66-C70 -> -1062106.9
B73: VERGİ %25 | C73: =IF(C72>0,C72*0.25,0) -> 0
B74: Hesaplanan Vergi Indirimi Tutarı(Hesaplanan Kurumlar Vergisi * %5)-NİSAN 2024 İnternet Vergi Dairesinden Sorgulanmalıdır. | C74: 0
B75: NET HESAPLANAN VERGİ | C75: =+C73-C74 -> 0
B77: 1.DÖNEM GEÇİCİ VERGİ | C77: 188235.29
B78: 2.DÖNEM GEÇİCİ VERGİ
B79: 3.DÖNEM GEÇİCİ VERGİ
B80: KESİNTİ SURETİYLE ÖDENEN VERGİ | C80: 0
B81: TOPLAM MAHSUP | C81: =SUM(C77:C80) -> 188235.29
B83: ÖDENECEK KURUMLAR VERGİSİ (%5 Vergiye Uyumda Vergi İndirim Düşülmüştür) | C83: =+C75-C81 -> -188235.29

Sheet CARİDÖNEM
A1: =CONCATENATE(B1,"A") -> G E N E L M İ Z A NA | B1: G E N E L M İ Z A N
A2: =CONCATENATE(B2,"A") -> Duyar Pompa ve Hidrofor Sistemleri San. ve Tic.A.Ş İşyeri Kod :A | B2: Duyar Pompa ve Hidrofor Sistemleri San. ve Tic.A.Ş İşyeri Kod :
A3: =CONCATENATE(B3,"A") -> A
A4: =CONCATENATE(B4,"A") -> 45523,6597222222A | B4: 45523.66
A5: =CONCATENATE(B5,"A") -> İlgili Tarih: 01/01/2024 - 30/06/2024A | B5: İlgili Tarih: 01/01/2024 - 30/06/2024
A6: =CONCATENATE(B6,"A") -> Sayfa No : 1A | B6: Sayfa No : 1
A7: =CONCATENATE(B7,"A") -> A
A8: =CONCATENATE(B8,"A") -> A
A9: =CONCATENATE(B9,"A") -> A
A10: =CONCATENATE(B10,"A") -> A
A11: =CONCATENATE(B11,"A") -> A
A12: =CONCATENATE(B12,"A") -> A
A13: =CONCATENATE(B13,"A") -> A
A14: =CONCATENATE(B14,"A") -> A
A15: =CONCATENATE(B15,"A") -> A | D15: T O P L A M | E15: T O P L A M | F15: B A K İ Y E | G15: B A K İ Y E
A16: =CONCATENATE(B16,"A") -> Hesap KoduA | B16: Hesap Kodu | C16: Hesap Adı | D16: B O R Ç | E16: A L A C A K | F16: B O R Ç | G16: A L A C A K
A17: =CONCATENATE(B17,"A") -> -------------------------A | B17: ------------------------- | C17: ----------------------------------- | D17: ------------------ | E17: ------------------ | F17: ------------------- | G17: -------------------
A18: =CONCATENATE(B18,"A") -> 1A | B18: 1 | C18: DÖNEN VARLIKLAR | D18: 0 | E18: 0 | F18: 0 | G18: 0
A19: =CONCATENATE(B19,"A") -> 100A | B19: 100 | C19: KASA HESABI | D19: 0 | E19: 0 | F19: 0 | G19: 0
A20: =CONCATENATE(B20,"A") -> 101A | B20: 101 | C20: ALINAN ÇEKLER | D20: 46339433 | E20: 43086405 | F20: 3253028 | G20: 0
A21: =CONCATENATE(B21,"A") -> 102A | B21: 102 | C21: BANKALAR | D21: 50247000 | E21: 49242521 | F21: 1004479 | G21: 0
A22: =CONCATENATE(B22,"A") -> 103A | B22: 103 | C22: VERİLEN ÇEKLER VE ÖDEME EMİRLERİ (- | D22: 0 | E22: 0 | F22: 0 | G22: 0
A23: =CONCATENATE(B23,"A") -> 108A | B23: 108 | C23: DİĞER HAZIR DEĞERLER | D23: 0 | E23: 0 | F23: 0 | G23: 0
A24: =CONCATENATE(B24,"A") -> 110A | B24: 110 | C24: HİSSE SENETLERİ | D24: 0 | E24: 0 | F24: 0 | G24: 0
A25: =CONCATENATE(B25,"A") -> 111A | B25: 111 | C25: ÖZEL KESİM TAHVİL SENET VE BONOLARI | D25: 0 | E25: 0 | F25: 0 | G25: 0
A26: =CONCATENATE(B26,"A") -> 112A | B26: 112 | C26: KAMU KESİMİ TAHVİL SENET VE BONOLAR | D26: 0 | E26: 0 | F26: 0 | G26: 0
A27: =CONCATENATE(B27,"A") -> 120A | B27: 120 | C27: ALICILAR | D27: 79069144 | E27: 70698491 | F27: 8370652.4 | G27: 0
A28: =CONCATENATE(B28,"A") -> 121A | B28: 121 | C28: ALACAK SENETLERİ | D28: 5140258.2 | E28: 5140258.2 | F28: 0 | G28: 0
A29: =CONCATENATE(B29,"A") -> 122A | B29: 122 | C29: ALACAK SENETLERİ REESKONTU (-) | D29: 0 | E29: 0 | F29: 0 | G29: 0
... A281: =CONCATENATE(B281,"A") -> 909A | B281: 909 | C281: UYUMSOFT DÜZELTME HESAPALRI | D281: 0 | E281: 0 | F281: 0 | G281: 0
A282: =CONCATENATE(B282,"A") -> T O P L A M :A | B282: T O P L A M : | D282: 5.9706412e+08 | E282: 5.9706412e+08 | F282: 1.6941645e+08 | G282: 1.6941645e+08
A283: =CONCATENATE(B283,"A") -> A
A284: =CONCATENATE(B284,"A") -> A
A285: =CONCATENATE(B285,"A") -> A
A286: =CONCATENATE(B286,"A") -> A
A287: =CONCATENATE(B287,"A") -> A
A288: =CONCATENATE(B288,"A") -> A
A289: =CONCATENATE(B289,"A") -> A
A290: =CONCATENATE(B290,"A") -> A
A291: =CONCATENATE(B291,"A") -> A
A292: =CONCATENATE(B292,"A") -> A
A293: =CONCATENATE(B293,"A") -> A
A294: =CONCATENATE(B294,"A") -> A
... A302: =CONCATENATE(B302,"A") -> A
A303: 296A
A304: 118A
A305: 119A
A306: 307A
A307: 261A
A308: 263A
A309: 262A

Sheet DETAY MİZAN
A1: G E N E L M İ Z A N
A2: DUYAR POMPA VE HİDROFOR SİSTEMLERİ SAN. VE TİC. A.Ş.
A3: İlgili Tarih: 01/01/2024-30/06/2024
C5: T O P L A M | D5: T O P L A M | E5: B A K İ Y E | F5: B A K İ Y E
A6: Hesap Kodu | B6: Hesap Adı | C6: B O R Ç | D6: A L A C A K | E6: B O R Ç | F6: A L A C A K
A7: ------------------------- | B7: ----------------------------------- | C7: ------------------ | D7: ------------------ | E7: ------------------- | F7: -------------------
A8: 101 | B8: ALINAN ÇEKLER | C8: 46339433 | D8: 43086405 | E8: 3253028 | F8: 0
A9: 101-01 | B9: PORTFÖYDEKİ ÇEKLER | C9: 40616319 | D9: 38893273 | E9: 1723046 | F9: 0
A10: 101-01-01 | B10: CÜZDANDAKİ ÇEKLER-TL | C10: 40616319 | D10: 38893273 | E10: 1723046 | F10: 0
A11: 101-02 | B11: TAHSİLE VERİLEN ÇEKLER | C11: 5723113.5 | D11: 4193131.5 | E11: 1529982 | F11: 0
A12: 101-02-01 | B12: TAHSİLE VERİLEN ÇEKLER-TL | C12: 5723113.5 | D12: 4193131.5 | E12: 1529982 | F12: 0
A13: 102 | B13: BANKALAR | C13: 50247000 | D13: 49242521 | E13: 1004479 | F13: 0
A14: 102-01 | B14: VADESİZ MEVDUATLAR | C14: 50247000 | D14: 49242521 | E14: 1004479 | F14: 0
A15: 102-01-01 | B15: VADESİZ MEVDUATLAR-TL | C15: 38030565 | D15: 37174244 | E15: 856320.53 | F15: 0
A16: 102-01-02 | B16: VADESİZ MEVDUATLAR-USD | C16: 5809283.9 | D16: 5662724.4 | E16: 146559.47 | F16: 0
A17: 102-01-03 | B17: VADESİZ MEVDUATLAR-EUR | C17: 6407151.6 | D17: 6405552.6 | E17: 1599.04 | F17: 0
A18: 120 | B18: ALICILAR | C18: 79069144 | D18: 70698491 | E18: 8370652.4 | F18: 0
A19: 120-01 | B19: YURTİÇİ ALICILAR | C19: 65118899 | D19: 61485743 | E19: 3633155.2 | F19: 0
A20: 120-01-01 | B20: YURTİÇİ ALICILAR-GRUP İÇİ | C20: 360296.8 | D20: 283109.89 | E20: 77186.91 | F20: 0
A21: 120-01-01-01 | B21: YURTİÇİ ALICILAR-GRUP İÇİ TL | C21: 360296.8 | D21: 283109.89 | E21: 77186.91 | F21: 0
A22: 120-01-02 | B22: YURTİÇİ ALICILAR-GRUP DIŞI | C22: 64758602 | D22: 61202634 | E22: 3555968.3 | F22: 0
A23: 120-01-02-01 | B23: YURTİÇİ ALICILAR-GRUP DIŞI TL | C23: 64758602 | D23: 61202634 | E23: 3555968.3 | F23: 0
A24: 120-02 | B24: YURTDIŞI ALICILAR | C24: 13950245 | D24: 9212747.6 | E24: 4737497.2 | F24: 0
A25: 120-02-01 | B25: YURTDIŞI ALICILAR-GRUP İÇİ | C25: 2662241.3 | D25: 744981.03 | E25: 1917260.3 | F25: 0
A26: 120-02-01-02 | B26: YURTDIŞI ALICILAR-GRUP İÇİ USD | C26: 2606578.2 | D26: 689317.86 | E26: 1917260.3 | F26: 0
A27: 120-02-01-03 | B27: YURTDIŞI ALICILAR-GRUP İÇİ EUR | C27: 55663.17 | D27: 55663.17 | E27: 0 | F27: 0
A28: 120-02-02 | B28: YURTDIŞI ALICILAR-GRUP DIŞI | C28: 11288003 | D28: 8467766.6 | E28: 2820236.9 | F28: 0
A29: 120-02-02-01 | B29: YURTDIŞI ALICILAR-GRUP DIŞI TL | C29: 2004504.2 | D29: 1513304.2 | E29: 491200 | F29: 0
A30: 120-02-02-02 | B30: YURTDIŞI ALICILAR-GRUP DIŞI USD | C30: 4148853.4 | D30: 1819816.5 | E30: 2329036.9 | F30: 0
A31: 120-02-02-03 | B31: YURTDIŞI ALICILAR-GRUP DIŞI EUR | C31: 5134645.9 | D31: 5134645.9 | E31: 0 | F31: 0
A32: 121 | B32: ALACAK SENETLERİ | C32: 5140258.2 | D32: 5140258.2 | E32: 0 | F32: 0
A33: 121-01 | B33: PORTFÖYDEKİ SENETLER | C33: 2206296.6 | D33: 2206296.6 | E33: 0 | F33: 0
A34: 121-01-01 | B34: CÜZDANDAKİ SENETLER TL | C34: 2206296.6 | D34: 2206296.6 | E34: 0 | F34: 0
A35: 121-02 | B35: TAHSİLE VERİLEN SENETLER | C35: 2933961.6 | D35: 2933961.6 | E35: 0 | F35: 0
A36: 121-02-01 | B36: TAHSİLE VERİLEN SENETLER TL | C36: 2933961.6 | D36: 2933961.6 | E36: 0 | F36: 0
A37: 126 | B37: VERİLEN DEPOZİTO VE TEMİNATLAR | C37: 36139.1 | D37: 0 | E37: 36139.1 | F37: 0
A38: 126-01 | B38: VERİLEN DEPOZİTO VE TEMİNATLAR | C38: 36139.1 | D38: 0 | E38: 36139.1 | F38: 0
A39: 126-01-04 | B39: ELEKTRİK DEPOZİTOSU | C39: 36139.1 | D39: 0 | E39: 36139.1 | F39: 0
A40: 136 | B40: DİĞER ÇEŞİTLİ ALACAKLAR | C40: 12663.37 | D40: 0 | E40: 12663.37 | F40: 0
A41: 136-01 | B41: DİĞER ÇEŞİTLİ ALACAKLAR | C41: 12663.37 | D41: 0 | E41: 12663.37 | F41: 0
A42: 136-01-97 | B42: DİĞER ÇEŞİTLİ ALACAKLAR-TL | C42: 12663.37 | D42: 0 | E42: 12663.37 | F42: 0
A43: 150 | B43: İLK MADDE VE MALZEME | C43: 43428077 | D43: 34843312 | E43: 8584765.7 | F43: 0
A44: 150-01 | B44: HAMMADDE | C44: 8305959.6 | D44: 8305959.6 | E44: 0 | F44: 0
A45: 150-01-01 | B45: HAMMADDE VE MALZEMELER | C45: 8305959.6 | D45: 8305959.6 | E45: 0 | F45: 0
A46: 150-02 | B46: YARDIMCI MADDELER | C46: 34812913 | D46: 26534052 | E46: 8278860.6 | F46: 0
A47: 150-02-01 | B47: YARDIMCI MADDE | C47: 34812913 | D47: 26534052 | E47: 8278860.6 | F47: 0
A48: 150-03 | B48: İŞLETME MALZEMESI | C48: 23374.44 | D48: 3300 | E48: 20074.44 | F48: 0
A49: 150-03-01 | B49: İŞLETME MALZEMELERİ | C49: 23374.44 | D49: 3300 | E49: 20074.44 | F49: 0
A50: 150-05 | B50: DIGER MALZEMELER | C50: 2830.11 | D50: 0 | E50: 2830.11 | F50: 0
A51: 150-05-01 | B51: DİĞER MALZEMELER | C51: 2830.11 | D51: 0 | E51: 2830.11 | F51: 0
A52: 150-07 | B52: ENFLASYON DÜZELTMESİ | C52: 283000.53 | D52: 0 | E52: 283000.53 | F52: 0
A53: 150-07-01 | B53: HAMMADDE ENFLASYON DÜZELTMESİ | C53: 283000.53 | D53: 0 | E53: 283000.53 | F53: 0
A54: 151 | B54: YARI MAMÜLLER - ÜRETİM | C54: 39688715 | D54: 33426696 | E54: 6262019.5 | F54: 0
A55: 151-01 | B55: YARI MAMÜLLER - ÜRETİM | C55: 39481578 | D55: 33426696 | E55: 6054882 | F55: 0
A56: 151-01-01 | B56: YARI MAMUL STOKLARI | C56: 39481353 | D56: 33426696 | E56: 6054657.1 | F56: 0
A57: 151-01-98 | B57: ÜRETİMDEKİ YARI MAMULLER | C57: 224.88 | D57: 0 | E57: 224.88 | F57: 0
A58: 151-02 | B58: ENFLASYON DÜZELTMESİ | C58: 207137.44 | D58: 0 | E58: 207137.44 | F58: 0
A59: 151-02-01 | B59: YARI MAMÜLLER NFLASYON DÜZELTMESİ | C59: 207137.44 | D59: 0 | E59: 207137.44 | F59: 0
A60: 152 | B60: MAMÜLLER | C60: 42860874 | D60: 41766056 | E60: 1094817.9 | F60: 0
A61: 152-01 | B61: MAMÜL STOKLARI | C61: 42824659 | D61: 41766056 | E61: 1058603.1 | F61: 0
A62: 152-01-01 | B62: MAMÜL STOKLARI | C62: 42824659 | D62: 41766056 | E62: 1058603.1 | F62: 0
A63: 152-02 | B63: ENFLASYON DÜZELTMESİ | C63: 36214.82 | D63: 0 | E63: 36214.82 | F63: 0
A64: 152-02-01 | B64: MAMÜLLER ENFLASYON DÜZELTMESİ | C64: 36214.82 | D64: 0 | E64: 36214.82 | F64: 0
A65: 153 | B65: TİCARİ MALLAR | C65: 5897871.3 | D65: 5066757.3 | E65: 831113.97 | F65: 0
A66: 153-01 | B66: TİCARİ MALLAR | C66: 5870379.4 | D66: 5066757.3 | E66: 803622.07 | F66: 0
A67: 153-01-01 | B67: TİCARİ MALLAR | C67: 5870379.4 | D67: 5066757.3 | E67: 803622.07 | F67: 0
A68: 153-02 | B68: ENFLASYON DÜZELTMESİ | C68: 27491.9 | D68: 0 | E68: 27491.9 | F68: 0
A69: 153-02-01 | B69: TİC.MALLAR ENFLASYON DÜZELTMESİ | C69: 27491.9 | D69: 0 | E69: 27491.9 | F69: 0
A70: 159 | B70: VERİLEN SİPARİŞ AVANSLARI | C70: 3492435.4 | D70: 3016155.4 | E70: 476280 | F70: 0
A71: 159-01 | B71: VERİLEN YURTİÇİ SİPARİŞ AVANSLARI | C71: 3492435.4 | D71: 3016155.4 | E71: 476280 | F71: 0
A72: 159-01-02 | B72: VERİLEN YURTİÇİ SİPARİŞ AVANSLARI-G | C72: 3492435.4 | D72: 3016155.4 | E72: 476280 | F72: 0
A73: 159-01-02-01 | B73: VERİLEN YURTİÇİ SİPARİŞ AVANSLARI-G | C73: 3492435.4 | D73: 3016155.4 | E73: 476280 | F73: 0
A74: 180 | B74: GELECEK AYLARA AİT GİDERLER | C74: 1310292.8 | D74: 944980.11 | E74: 365312.71 | F74: 0
A75: 180-03 | B75: SİGORTALAR | C75: 859126.47 | D75: 544942.21 | E75: 314184.26 | F75: 0
A76: 180-03-01 | B76: BİNA,MAKİNA YANGIN SİGORTASI | C76: 150941.3 | D76: 77672.11 | E76: 73269.19 | F76: 0
A77: 180-03-07 | B77: GRUP SAĞLIK SİGORTASI | C77: 492345.05 | D77: 289206.93 | E77: 203138.12 | F77: 0
A78: 180-03-10 | B78: ELEKTRONİK CİHAZ SİGORTASI | C78: 5569.67 | D78: 3011.8 | E78: 2557.87 | F78: 0
A79: 180-03-14 | B79: TAŞIT SİGORTALARI | C79: 127174.56 | D79: 91955.48 | E79: 35219.08 | F79: 0
A80: 180-03-15 | B80: GELECEK AYLARA AİT GİDERLER-DAĞITIM | C80: 83095.89 | D80: 83095.89 | E80: 0 | F80: 0
A81: 180-90 | B81: DİĞER GİDERLER | C81: 451166.35 | D81: 400037.9 | E81: 51128.45 | F81: 0
A82: 180-90-01 | B82: DİĞER GİDERLER | C82: 400037.9 | D82: 400037.9 | E82: 0 | F82: 0
A83: 180-90-08 | B83: BAKIM ANLAŞMALARI | C83: 442.2 | D83: 0 | E83: 442.2 | F83: 0
A84: 180-90-11 | B84: PROMOSYON MALZEMESİ GİDERLERİ | C84: 50686.25 | D84: 0 | E84: 50686.25 | F84: 0
A85: 190 | B85: DEVREDEN KATMA DEĞER VERGİSİ | C85: 954925.14 | D85: 954925.14 | E85: 0 | F85: 0
A86: 190-01 | B86: DEVREDEN KATMA DEĞER VERGİSİ | C86: 954925.14 | D86: 954925.14 | E86: 0 | F86: 0
A87: 190-01-01 | B87: DEVREDEN KATMA DEĞER VERGİSİ | C87: 954925.14 | D87: 954925.14 | E87: 0 | F87: 0
A88: 191 | B88: İNDİRİLECEK KATMA DEĞER VERGİSİ | C88: 8944619.4 | D88: 8944619.4 | E88: 0 | F88: 0
A89: 191-01 | B89: İNDİRİLECEK KATMA DEĞER VERGİSİ | C89: 8944619.4 | D89: 8944619.4 | E89: 0 | F89: 0
A90: 191-01-01 | B90: ALIMLARDAN İNDİRİLECEK K.D.V. | C90: 8872292.5 | D90: 8872292.5 | E90: 0 | F90: 0
A91: 191-01-03 | B91: SATIŞLARDAN İADE VE İPTALLER İND.K. | C91: 72326.88 | D91: 72326.88 | E91: 0 | F91: 0
A92: 192 | B92: DİĞER KATMA DEĞER VERGİSİ | C92: 1182889 | D92: 0 | E92: 1182889 | F92: 0
A93: 192-01 | B93: TECİL EDİLEBİLİR K.D.V. | C93: 1182889 | D93: 0 | E93: 1182889 | F93: 0
A94: 192-01-01 | B94: TECİL EDİLEN KDV | C94: 1182889 | D94: 0 | E94: 1182889 | F94: 0
A95: 193 | B95: PEŞİN ÖDENEN VERGİLER VE FONLAR | C95: 188235.29 | D95: 0 | E95: 188235.29 | F95: 0
A96: 193-02 | B96: KURUM GEÇİCİ VERGİ | C96: 188235.29 | D96: 0 | E96: 188235.29 | F96: 0
A97: 193-02-01 | B97: I. DÖNEM GEÇİCİ VERGİ | C97: 188235.29 | D97: 0 | E97: 188235.29 | F97: 0
A98: 195 | B98: İŞ AVANSLARI | C98: 342978.15 | D98: 284410.28 | E98: 58567.87 | F98: 0
A99: 195-01 | B99: İŞ AVANSLARI | C99: 342978.15 | D99: 284410.28 | E99: 58567.87 | F99: 0
A100: 195-01-01 | B100: İŞLETME PERSONELİ İŞ AVANSLARI | C100: 342978.15 | D100: 284410.28 | E100: 58567.87 | F100: 0
A101: 196 | B101: PERSONEL AVANSLARI | C101: 300000 | D101: 132000 | E101: 168000 | F101: 0
...

Sheet 780HESAP
A1: Muhasebe Hareket Bilgileri (mhy03)
A3: Fiş Tarihi | B3: Fiş No | C3: Hesap Kodu | D3: Hesap Adı | E3: Kar Merkezi Kodu | F3: Kaynak Yeri | G3: Açıklama | H3: Borç Tutarı | I3: Alacak Tutarı | J3: Bakiye | K3: B/A | L3: Özel Kod-1 | M3: Özel Kod-2 | N3: Döviz | O3: Döviz Kuru | P3: Döviz Borç | Q3: Döviz Alacak | R3: Döviz Bakiye | S3: Birleştirilmiş Fiş No | T3: Madde No | U3: Gelir/Gider Kodu | V3: Analiz Kodu | W3: Proje Kodu | X3: Proje Tipi | Y3: İşyeri Kodu
A4: 45292 | G4: Önceden Devir | H4: 0 | I4: 0 | J4: 0 | O4: 0 | P4: 0 | Q4: 0 | R4: 0 | T4: 0
A5: 45293 | B5: 0102-00010 | C5: 780-01-03 | D5: BANKA MASRAFLARI | E5: 50-01-01 | F5: Banka | G5: EFT MASRAFI | H5: 438.74 | I5: 0 | J5: 438.74 | K5: B | O5: 0 | P5: 0 | Q5: 0 | R5: 0 | S5: 0102-00009 | T5: 23 | U5: 99-08 | V5: Banka-015
A6: 45295 | B6: 0104-00008 | C6: 780-01-03 | D6: BANKA MASRAFLARI | E6: 50-01-01 | F6: Banka | G6: BANKA EFT MASRAFI | H6: 0.26 | I6: 0 | J6: 439 | K6: B | O6: 0 | P6: 0 | Q6: 0 | R6: 0 | S6: 0104-00005 | T6: 81 | U6: 99-08 | V6: Banka-015
A7: 45300 | B7: 0109-00016 | C7: 780-01-03 | D7: BANKA MASRAFLARI | F7: Banka | G7: MUHABİR MASRAF BEDELİ | H7: 359.19 | I7: 0 | J7: 798.19 | K7: B | N7: usd | O7: 29.9327 | P7: 12 | Q7: 0 | R7: 12 | S7: 0109-00004 | T7: 190 | U7: 99-08 | V7: Banka-015
A8: 45310 | B8: 0119-00006 | C8: 780-01-03 | D8: BANKA MASRAFLARI | F8: Banka | G8: ZİRAAT BANKA MASRAFI | H8: 0.26 | I8: 0 | J8: 798.45 | K8: B | O8: 0 | P8: 0 | Q8: 0 | R8: 12 | S8: 0119-00005 | T8: 380 | V8: Banka-015
A9: 45310 | B9: 0119-00006 | C9: 780-01-03 | D9: BANKA MASRAFLARI | F9: Banka | G9: ZİRAAT BANKA MASRAFI | H9: 0.26 | I9: 0 | J9: 798.71 | K9: B | O9: 0 | P9: 0 | Q9: 0 | R9: 12 | S9: 0119-00005 | T9: 380 | V9: Banka-015
A10: 45315 | B10: 0124-00028 | C10: 780-01-03 | D10: BANKA MASRAFLARI | E10: 50-01-01 | F10: Banka | G10: ALİ KAAN ESMER İŞ AVANS ÖDEMESİ | H10: 394.14 | I10: 0 | J10: 1192.85 | K10: B | N10: USD | O10: 30.3184 | P10: 13 | Q10: 0 | R10: 25 | S10: 0124-00010 | T10: 487 | U10: 99-08 | V10: Banka-015
A11: 45317 | B11: 0126-00012 | C11: 780-01-03 | D11: BANKA MASRAFLARI | E11: 50-01-01 | F11: Banka | G11: ZİRAAT BANK EFT MASRAFI | H11: 0.26 | I11: 0 | J11: 1193.11 | K11: B | O11: 0 | P11: 0 | Q11: 0 | R11: 25 | S11: 0126-00008 | T11: 524 | U11: 99-08 | V11: Banka-015
A12: 45317 | B12: 0126-00012 | C12: 780-01-03 | D12: BANKA MASRAFLARI | E12: 50-01-01 | F12: Banka | G12: ZİRAAT BANK EFT MASRAFI | H12: 1.14 | I12: 0 | J12: 1194.25 | K12: B | O12: 0 | P12: 0 | Q12: 0 | R12: 25 | S12: 0126-00008 | T12: 524 | U12: 99-08 | V12: Banka-015
A13: 45320 | B13: 0129-00006 | C13: 780-01-03 | D13: BANKA MASRAFLARI | F13: Banka | G13: KOMİSYON TAKSİT ÖDEMESİ | H13: 590.62 | I13: 0 | J13: 1784.87 | K13: B | O13: 0 | P13: 0 | Q13: 0 | R13: 25 | S13: 0129-00001 | T13: 542 | V13: Banka-002
A14: 45321 | B14: 0130-00023 | C14: 780-01-03 | D14: BANKA MASRAFLARI | E14: 50-01-01 | F14: Banka | G14: ZİRAAT BANK EFT MASRAFI | H14: 30.88 | I14: 0 | J14: 1815.75 | K14: B | O14: 0 | P14: 0 | Q14: 0 | R14: 25 | S14: 0130-00023 | T14: 583 | U14: 99-08 | V14: Banka-015
A15: 45321 | B15: 0130-00023 | C15: 780-01-03 | D15: BANKA MASRAFLARI | E15: 50-01-01 | F15: Banka | G15: ZİRAAT BANK EFT MASRAFI | H15: 30.88 | I15: 0 | J15: 1846.63 | K15: B | O15: 0 | P15: 0 | Q15: 0 | R15: 25 | S15: 0130-00023 | T15: 583 | U15: 99-08 | V15: Banka-015
A16: 45321 | B16: 0130-00023 | C16: 780-01-03 | D16: BANKA MASRAFLARI | E16: 50-01-01 | F16: Banka | G16: ZİRAAT BANK EFT MASRAFI | H16: 30.88 | I16: 0 | J16: 1877.51 | K16: B | O16: 0 | P16: 0 | Q16: 0 | R16: 25 | S16: 0130-00023 | T16: 583 | U16: 99-08 | V16: Banka-015
A17: 45321 | B17: 0130-00023 | C17: 780-01-03 | D17: BANKA MASRAFLARI | E17: 50-01-01 | F17: Banka | G17: ZİRAAT BANK EFT MASRAFI | H17: 30.88 | I17: 0 | J17: 1908.39 | K17: B | O17: 0 | P17: 0 | Q17: 0 | R17: 25 | S17: 0130-00023 | T17: 583 | U17: 99-08 | V17: Banka-015
A18: 45324 | B18: 0202-00020 | C18: 780-01-03 | D18: BANKA MASRAFLARI | F18: Banka | G18: KOMİSYON TAKSİT ÖDEMESİ | H18: 183.75 | I18: 0 | J18: 2092.14 | K18: B | O18: 0 | P18: 0 | Q18: 0 | R18: 25 | S18: 0202-00005 | T18: 768 | V18: Banka-002
A19: 45328 | B19: 0206-00010 | C19: 780-01-03 | D19: BANKA MASRAFLARI | E19: 50-01-01 | F19: Banka | G19: EFT MASRAFI | H19: 572.07 | I19: 0 | J19: 2664.21 | K19: B | O19: 0 | P19: 0 | Q19: 0 | R19: 25 | S19: 0206-00001 | T19: 798 | U19: 99-08 | V19: Banka-015
A20: 45328 | B20: 0206-00011 | C20: 780-01-03 | D20: BANKA MASRAFLARI | E20: 50-01-01 | F20: Banka | G20: EFT MASRAFI | H20: 28.6 | I20: 0 | J20: 2692.81 | K20: B | O20: 0 | P20: 0 | Q20: 0 | R20: 25 | S20: 0206-00002 | T20: 799 | U20: 99-08 | V20: Banka-015
A21: 45335 | B21: 0213-00046 | C21: 780-01-03 | D21: BANKA MASRAFLARI | F21: Banka | G21: EFT MASRAFI-STET | H21: 1325.34 | I21: 0 | J21: 4018.15 | K21: B | N21: EUR | O21: 33.1335 | P21: 40 | Q21: 0 | R21: 65 | S21: 0213-00025 | T21: 949 | V21: Banka-015
A22: 45345 | B22: 0223-00014 | C22: 780-01-03 | D22: BANKA MASRAFLARI | F22: Banka | G22: ZİRAAT BANKA MASRAFI | H22: 0.26 | I22: 0 | J22: 4018.41 | K22: B | O22: 0 | P22: 0 | Q22: 0 | R22: 65 | S22: 0223-00012 | T22: 1128 | V22: Banka-015
A23: 45345 | B23: 0223-00014 | C23: 780-01-03 | D23: BANKA MASRAFLARI | F23: Banka | G23: ZİRAAT BANKA MASRAFI | H23: 0.26 | I23: 0 | J23: 4018.67 | K23: B | O23: 0 | P23: 0 | Q23: 0 | R23: 65 | S23: 0223-00012 | T23: 1128 | V23: Banka-015
A24: 45345 | B24: 0223-00014 | C24: 780-01-03 | D24: BANKA MASRAFLARI | F24: Banka | G24: ZİRAAT BANKA MASRAFI | H24: 0.26 | I24: 0 | J24: 4018.93 | K24: B | O24: 0 | P24: 0 | Q24: 0 | R24: 65 | S24: 0223-00012 | T24: 1128 | V24: Banka-015
A25: 45345 | B25: 0223-00014 | C25: 780-01-03 | D25: BANKA MASRAFLARI | F25: Banka | G25: ZİRAAT BANKA MASRAFI | H25: 0.26 | I25: 0 | J25: 4019.19 | K25: B | O25: 0 | P25: 0 | Q25: 0 | R25: 65 | S25: 0223-00012 | T25: 1128 | V25: Banka-015
A26: 45345 | B26: 0223-00014 | C26: 780-01-03 | D26: BANKA MASRAFLARI | F26: Banka | G26: ZİRAAT BANKA MASRAFI | H26: 0.26 | I26: 0 | J26: 4019.45 | K26: B | O26: 0 | P26: 0 | Q26: 0 | R26: 65 | S26: 0223-00012 | T26: 1128 | V26: Banka-015
A27: 45345 | B27: 0223-00014 | C27: 780-01-03 | D27: BANKA MASRAFLARI | F27: Banka | G27: ZİRAAT BANKA MASRAFI | H27: 0.26 | I27: 0 | J27: 4019.71 | K27: B | O27: 0 | P27: 0 | Q27: 0 | R27: 65 | S27: 0223-00012 | T27: 1128 | V27: Banka-015
A28: 45345 | B28: 0223-00014 | C28: 780-01-03 | D28: BANKA MASRAFLARI | F28: Banka | G28: ZİRAAT BANKA MASRAFI | H28: 0.26 | I28: 0 | J28: 4019.97 | K28: B | O28: 0 | P28: 0 | Q28: 0 | R28: 65 | S28: 0223-00012 | T28: 1128 | V28: Banka-015
A29: 45345 | B29: 0223-00014 | C29: 780-01-03 | D29: BANKA MASRAFLARI | F29: Banka | G29: ZİRAAT BANKA MASRAFI | H29: 0.26 | I29: 0 | J29: 4020.23 | K29: B | O29: 0 | P29: 0 | Q29: 0 | R29: 65 | S29: 0223-00012 | T29: 1128 | V29: Banka-015
A30: 45345 | B30: 0223-00014 | C30: 780-01-03 | D30: BANKA MASRAFLARI | F30: Banka | G30: ZİRAAT BANKA MASRAFI | H30: 0.26 | I30: 0 | J30: 4020.49 | K30: B | O30: 0 | P30: 0 | Q30: 0 | R30: 65 | S30: 0223-00012 | T30: 1128 | V30: Banka-015
A31: 45345 | B31: 0223-00014 | C31: 780-01-03 | D31: BANKA MASRAFLARI | F31: Banka | G31: ZİRAAT BANKA MASRAFI | H31: 0.26 | I31: 0 | J31: 4020.75 | K31: B | O31: 0 | P31: 0 | Q31: 0 | R31: 65 | S31: 0223-00012 | T31: 1128 | V31: Banka-015
A32: 45345 | B32: 0223-00014 | C32: 780-01-03 | D32: BANKA MASRAFLARI | F32: Banka | G32: ZİRAAT BANKA MASRAFI | H32: 0.26 | I32: 0 | J32: 4021.01 | K32: B | O32: 0 | P32: 0 | Q32: 0 | R32: 65 | S32: 0223-00012 | T32: 1128 | V32: Banka-015
A33: 45345 | B33: 0223-00014 | C33: 780-01-03 | D33: BANKA MASRAFLARI | F33: Banka | G33: ZİRAAT BANKA MASRAFI | H33: 0.26 | I33: 0 | J33: 4021.27 | K33: B | O33: 0 | P33: 0 | Q33: 0 | R33: 65 | S33: 0223-00012 | T33: 1128 | V33: Banka-015
... A47: 45350 | B47: 0228-00013 | C47: 780-01-01 | D47: FAİZ GİDERLERİ | F47: Banka | G47: GEKAP VERGİ ÖDEMESİ 2023/07-09 | H47: 59.71 | I47: 0 | J47: 4086.93 | K47: B | O47: 0 | P47: 0 | Q47: 0 | R47: 0 | S47: 0228-00007 | T47: 1218 | V47: Banka-015
A48: 45350 | B48: 0228-00019 | C48: 780-01-03 | D48: BANKA MASRAFLARI | E48: 50-01-01 | F48: Banka | G48: ÇEK TAHSİL ÜCRETİ | H48: 183.75 | I48: 0 | J48: 4270.68 | K48: B | O48: 0 | P48: 0 | Q48: 0 | R48: 65 | S48: 0228-00008 | T48: 1224 | U48: 99-08 | V48: Banka-002
A49: 45350 | B49: 0228-00019 | C49: 780-01-03 | D49: BANKA MASRAFLARI | E49: 50-01-01 | F49: Banka | G49: ÇEK TAHSİL ÜCRETİ | H49: 183.75 | I49: 0 | J49: 4454.43 | K49: B | O49: 0 | P49: 0 | Q49: 0 | R49: 65 | S49: 0228-00008 | T49: 1224 | U49: 99-08 | V49: Banka-002
A50: 45352 | B50: 0301-00022 | C50: 780-01-03 | D50: BANKA MASRAFLARI | F50: Banka | G50: IBKB MASRAFI | H50: 31.87 | I50: 0 | J50: 4486.3 | K50: B | O50: 0 | P50: 0 | Q50: 0 | R50: 65 | S50: 0301-00009 | T50: 1325 | V50: Banka-015
A51: 45352 | B51: 0301-00022 | C51: 780-01-03 | D51: BANKA MASRAFLARI | F51: Banka | G51: IBKB MASRAFI | H51: 31.87 | I51: 0 | J51: 4518.17 | K51: B | O51: 0 | P51: 0 | Q51: 0 | R51: 65 | S51: 0301-00009 | T51: 1325 | V51: Banka-015
A52: 45352 | B52: 0301-00022 | C52: 780-01-03 | D52: BANKA MASRAFLARI | F52: Banka | G52: IBKB MASRAFI | H52: 31.87 | I52: 0 | J52: 4550.04 | K52: B | O52: 0 | P52: 0 | Q52: 0 | R52: 65 | S52: 0301-00009 | T52: 1325 | V52: Banka-015
A53: 45352 | B53: 0301-00029 | C53: 780-01-03 | D53: BANKA MASRAFLARI | F53: Banka | G53: LTD TRIADA GELEN BANKA ÖDEMESİ | H53: 0 | I53: 159.22 | J53: 4390.82 | K53: B | N53: USD | O53: 31.1597 | P53: 0 | Q53: 5.11 | R53: 59.89 | S53: 0301-00012 | T53: 1332 | V53: Banka-015
A54: 45352 | B54: 0301-00030 | C54: 780-01-03 | D54: BANKA MASRAFLARI | F54: Banka | G54: MUHABİR MASRAFI | H54: 118.19 | I54: 0 | J54: 4509.01 | K54: B | N54: EUR | O54: 0 | P54: 3.5 | Q54: 0 | R54: 63.39 | S54: 0301-00013 | T54: 1333 | V54: Banka-015
A55: 45356 | B55: 0305-00009 | C55: 780-01-03 | D55: BANKA MASRAFLARI | E55: 50-01-01 | F55: Banka | G55: ÇEK TAHSİL ÜCRETİ | H55: 183.75 | I55: 0 | J55: 4692.76 | K55: B | O55: 0 | P55: 0 | Q55: 0 | R55: 63.39 | S55: 0305-00003 | T55: 1374 | U55: 99-08 | V55: Banka-002
A56: 45359 | B56: 0308-00005 | C56: 780-01-03 | D56: BANKA MASRAFLARI | F56: Banka | G56: EFT MASRAFI | H56: 3.02 | I56: 0 | J56: 4695.78 | K56: B | O56: 0 | P56: 0 | Q56: 0 | R56: 63.39 | S56: 0308-00004 | T56: 1428 | V56: Banka-015
A57: 45359 | B57: 0308-00007 | C57: 780-01-03 | D57: BANKA MASRAFLARI | F57: Banka | G57: EFT MASRAFI | H57: 1.67 | I57: 0 | J57: 4697.45 | K57: B | O57: 0 | P57: 0 | Q57: 0 | R57: 63.39 | S57: 0308-00006 | T57: 1430 | V57: Banka-015
A58: 45359 | B58: 0308-00008 | C58: 780-01-03 | D58: BANKA MASRAFLARI | F58: Banka | G58: EFT MASRAFI | H58: 0.63 | I58: 0 | J58: 4698.08 | K58: B | O58: 0 | P58: 0 | Q58: 0 | R58: 63.39 | S58: 0308-00007 | T58: 1431 | V58: Banka-015
A59: 45359 | B59: 0308-00009 | C59: 780-01-03 | D59: BANKA MASRAFLARI | F59: Banka | G59: EFT MASRAFI | H59: 1.4 | I59: 0 | J59: 4699.48 | K59: B | O59: 0 | P59: 0 | Q59: 0 | R59: 63.39 | S59: 0308-00008 | T59: 1432 | V59: Banka-015
A60: 45359 | B60: 0308-00010 | C60: 780-01-03 | D60: BANKA MASRAFLARI | F60: Banka | G60: EFT MASRAFI | H60: 0.3 | I60: 0 | J60: 4699.78 | K60: B | O60: 0 | P60: 0 | Q60: 0 | R60: 63.39 | S60: 0308-00009 | T60: 1433 | V60: Banka-015
A61: 45359 | B61: 0308-00013 | C61: 780-01-03 | D61: BANKA MASRAFLARI | F61: Banka | G61: EFT MASRAFI | H61: 0.26 | I61: 0 | J61: 4700.04 | K61: B | O61: 0 | P61: 0 | Q61: 0 | R61: 63.39 | S61: 0308-00012 | T61: 1436 | V61: Banka-015
A62: 45359 | B62: 0308-00014 | C62: 780-01-03 | D62: BANKA MASRAFLARI | F62: Banka | G62: EFT MASRAFI | H62: 0.26 | I62: 0 | J62: 4700.3 | K62: B | O62: 0 | P62: 0 | Q62: 0 | R62: 63.39 | S62: 0308-00013 | T62: 1437 | V62: Banka-015
A63: 45359 | B63: 0308-00016 | C63: 780-01-03 | D63: BANKA MASRAFLARI | F63: Banka | G63: EFT MASRAFI | H63: 0.26 | I63: 0 | J63: 4700.56 | K63: B | O63: 0 | P63: 0 | Q63: 0 | R63: 63.39 | S63: 0308-00015 | T63: 1439 | V63: Banka-015
A64: 45359 | B64: 0308-00018 | C64: 780-01-03 | D64: BANKA MASRAFLARI | F64: Banka | G64: EFT MASRAFI | H64: 0.26 | I64: 0 | J64: 4700.82 | K64: B | O64: 0 | P64: 0 | Q64: 0 | R64: 63.39 | S64: 0308-00017 | T64: 1441 | V64: Banka-015
A65: 45359 | B65: 0308-00019 | C65: 780-01-03 | D65: BANKA MASRAFLARI | F65: Banka | G65: EFT MASRAFI | H65: 0.26 | I65: 0 | J65: 4701.08 | K65: B | O65: 0 | P65: 0 | Q65: 0 | R65: 63.39 | S65: 0308-00018 | T65: 1442 | V65: Banka-015
A66: 45359 | B66: 0308-00020 | C66: 780-01-03 | D66: BANKA MASRAFLARI | F66: Banka | G66: EFT MASRAF | H66: 0.26 | I66: 0 | J66: 4701.34 | K66: B | O66: 0 | P66: 0 | Q66: 0 | R66: 63.39 | S66: 0308-00019 | T66: 1443 | V66: Banka-015
A67: 45359 | B67: 0308-00021 | C67: 780-01-03 | D67: BANKA MASRAFLARI | F67: Banka | G67: EFT MASRAFI | H67: 0.53 | I67: 0 | J67: 4701.87 | K67: B | O67: 0 | P67: 0 | Q67: 0 | R67: 63.39 | S67: 0308-00020 | T67: 1444 | V67: Banka-015
... A80: 45359 | B80: 0308-00036 | C80: 780-01-03 | D80: BANKA MASRAFLARI | F80: Banka | G80: EFT MASRAFI | H80: 0.26 | I80: 0 | J80: 4711.41 | K80: B | O80: 0 | P80: 0 | Q80: 0 | R80: 63.39 | S80: 0308-00035 | T80: 1459 | V80: Banka-015
A81: 45359 | B81: 0308-00037 | C81: 780-01-03 | D81: BANKA MASRAFLARI | F81: Banka | G81: NIGMA KONSTRUKSJON GELEN ÖDEME | H81: 1160.09 | I81: 0 | J81: 5871.5 | K81: B | N81: EUR | O81: 34.6296 | P81: 33.5 | Q81: 0 | R81: 96.89 | S81: 0308-00036 | T81: 1460 | V81: Banka-015
A82: 45366 | B82: 0315-00014 | C82: 780-01-03 | D82: BANKA MASRAFLARI | F82: Banka | G82: EFT MASRAFI | H82: 0.26 | I82: 0 | J82: 5871.76 | K82: B | O82: 0 | P82: 0 | Q82: 0 | R82: 96.89 | S82: 0315-00002 | T82: 1574 | V82: Banka-015
A83: 45366 | B83: 0315-00015 | C83: 780-01-03 | D83: BANKA MASRAFLARI | F83: Banka | G83: EFT MASRAFI | H83: 0.26 | I83: 0 | J83: 5872.02 | K83: B | O83: 0 | P83: 0 | Q83: 0 | R83: 96.89 | S83: 0315-00003 | T83: 1575 | V83: Banka-015
A84: 45366 | B84: 0315-00016 | C84: 780-01-03 | D84: BANKA MASRAFLARI | F84: Banka | G84: EFT MASRAFI | H84: 0.34 | I84: 0 | J84: 5872.36 | K84: B | O84: 0 | P84: 0 | Q84: 0 | R84: 96.89 | S84: 0315-00004 | T84: 1576 | V84: Banka-015
A85: 45366 | B85: 0315-00017 | C85: 780-01-03 | D85: BANKA MASRAFLARI | F85: Banka | G85: EFT MASRAFI | H85: 0.35 | I85: 0 | J85: 5872.71 | K85: B | O85: 0 | P85: 0 | Q85: 0 | R85: 96.89 | S85: 0315-00005 | T85: 1577 | V85: Banka-015
A86: 45366 | B86: 0315-00018 | C86: 780-01-03 | D86: BANKA MASRAFLARI | F86: Banka | G86: EFT MASRAFI | H86: 0.42 | I86: 0 | J86: 5873.13 | K86: B | O86: 0 | P86: 0 | Q86: 0 | R86: 96.89 | S86: 0315-00006 | T86: 1578 | V86: Banka-015
A87: 45366 | B87: 0315-00019 | C87: 780-01-03 | D87: BANKA MASRAFLARI | F87: Banka | G87: EFT MASRAFI | H87: 3.92 | I87: 0 | J87: 5877.05 | K87: B | O87: 0 | P87: 0 | Q87: 0 | R87: 96.89 | S87: 0315-00007 | T87: 1579 | V87: Banka-015
A88: 45366 | B88: 0315-00020 | C88: 780-01-03 | D88: BANKA MASRAFLARI | F88: Banka | G88: EFT MASRAFI | H88: 1 | I88: 0 | J88: 5878.05 | K88: B | O88: 0 | P88: 0 | Q88: 0 | R88: 96.89 | S88: 0315-00008 | T88: 1580 | V88: Banka-015
A89: 45366 | B89: 0315-00021 | C89: 780-01-03 | D89: BANKA MASRAFLARI | F89: Banka | G89: EFT MASRAFI | H89: 1.24 | I89: 0 | J89: 5879.29 | K89: B | O89: 0 | P89: 0 | Q89: 0 | R89: 96.89 | S89: 0315-00009 | T89: 1581 | V89: Banka-015
A90: 45369 | B90: 0318-00018 | C90: 780-01-03 | D90: BANKA MASRAFLARI | F90: Banka | G90: IBKB MASRAFI | H90: 33.33 | I90: 0 | J90: 5912.62 | K90: B | O90: 0 | P90: 0 | Q90: 0 | R90: 96.89 | S90: 0318-00006 | T90: 1603 | V90: Banka-015
A91: 45373 | B91: 0322-00009 | C91: 780-01-01 | D91: FAİZ GİDERLERİ | F91: Banka | G91: EFT MASRAFI | H91: 0.26 | I91: 0 | J91: 5912.88 | K91: B | O91: 0 | P91: 0 | Q91: 0 | R91: 0 | S91: 0322-00001 | T91: 1671 | V91: Banka-015
A92: 45373 | B92: 0322-00010 | C92: 780-01-03 | D92: BANKA MASRAFLARI | F92: Banka | G92: EFT MASRAFI | H92: 0.95 | I92: 0 | J92: 5913.83 | K92: B | O92: 0 | P92: 0 | Q92: 0 | R92: 96.89 | S92: 0322-00002 | T92: 1672 | V92: Banka-015
A93: 45373 | B93: 0322-00011 | C93: 780-01-03 | D93: BANKA MASRAFLARI | F93: Banka | G93: EFT MASRAFI | H93: 0.27 | I93: 0 | J93: 5914.1 | K93: B | O93: 0 | P93: 0 | Q93: 0 | R93: 96.89 | S93: 0322-00003 | T93: 1673 | V93: Banka-015
... A106: 45380 | B106: 0329-00027 | C106: 780-01-03 | D106: BANKA MASRAFLARI | F106: Banka | G106: YAKAMOZ JEN. SİPARİŞ ÖDEMESİ | H106: 11.08 | I106: 0 | J106: 6152.54 | K106: B | O106: 0 | P106: 0 | Q106: 0 | R106: 96.89 | S106: 0329-00005 | T106: 1800 | V106: Banka-015
A107: 45382 | B107: 0331-00024 | C107: 780-01-03 | D107: BANKA MASRAFLARI | F107: Cari | G107: EFT GİDERİ | H107: 1188.95 | I107: 0 | J107: 7341.49 | K107: B | N107: EUR | O107: 32.5739 | P107: 36.5 | Q107: 0 | R107: 133.39 | T107: 1845 | V107: Banka-015
A108: 45384 | B108: 0402-00002 | C108: 780-01-03 | D108: BANKA MASRAFLARI | F108: Banka | G108: EFT MASRAFI | H108: 25.55 | I108: 0 | J108: 7367.04 | K108: B | O108: 0 | P108: 0 | Q108: 0 | R108: 133.39 | S108: 0402-00001 | T108: 0 | V108: Banka-015
A109: 45384 | B109: 0402-00003 | C109: 780-01-03 | D109: BANKA MASRAFLARI | F109: Banka | G109: EFT MASRAFI | H109: 1.19 | I109: 0 | J109: 7368.23 | K109: B | O109: 0 | P109: 0 | Q109: 0 | R109: 133.39 | S109: 0402-00002 | T109: 0 | V109: Banka-015
A110: 45384 | B110: 0402-00004 | C110: 780-01-03 | D110: BANKA MASRAFLARI | F110: Banka | G110: EFT MASRAFI | H110: 0.46 | I110: 0 | J110: 7368.69 | K110: B | O110: 0 | P110: 0 | Q110: 0 | R110: 133.39 | S110: 0402-00003 | T110: 0 | V110: Banka-015
A111: 45385 | B111: 0403-00009 | C111: 780-01-03 | D111: BANKA MASRAFLARI | F111: Banka | G111: IBKB MASRAFI | H111: 32.82 | I111: 0 | J111: 7401.51 | K111: B | O111: 0 | P111: 0 | Q111: 0 | R111: 133.39 | S111: 0403-00006 | T111: 0 | V111: Banka-015
A112: 45386 | B112: 0404-00002 | C112: 780-01-03 | D112: BANKA MASRAFLARI | F112: Banka | G112: IBKB MASRAFI | H112: 32.59 | I112: 0 | J112: 7434.1 | K112: B | O112: 0 | P112: 0 | Q112: 0 | R112: 133.39 | S112: 0404-00001 | T112: 0 | V112: Banka-015
A113: 45386 | B113: 0404-00030 | C113: 780-01-03 | D113: BANKA MASRAFLARI | F113: Banka | G113: EFT MASRAF ÖDEMESİ | H113: 17.95 | I113: 0 | J113: 7452.05 | K113: B | O113: 0 | P113: 0 | Q113: 0 | R113: 133.39 | S113: 0404-00029 | T113: 0 | V113: Banka-015
A114: 45386 | B114: 0404-00031 | C114: 780-01-03 | D114: BANKA MASRAFLARI | F114: Banka | G114: EFT MASRAFI | H114: 132.14 | I114: 0 | J114: 7584.19 | K114: B | O114: 0 | P114: 0 | Q114: 0 | R114: 133.39 | S114: 0404-00030 | T114: 0 | V114: Banka-015
A115: 45398 | B115: 0416-00014 | C115: 780-01-03 | D115: BANKA MASRAFLARI | F115: Banka | G115: TOPLU EFT MASRAF ÖDEMESİ | H115: 28.18 | I115: 0 | J115: 7612.37 | K115: B | O115: 0 | P115: 0 | Q115: 0 | R115: 133.39 | S115: 0416-00011 | T115: 0 | V115: Banka-015
A116: 45401 | B116: 0419-00008 | C116: 780-01-03 | D116: BANKA MASRAFLARI | F116: Banka | G116: EFT | H116: 0.66 | I116: 0 | J116: 7613.03 | K116: B | O116: 0 | P116: 0 | Q116: 0 | R116: 133.39 | S116: 0419-00005 | T116: 0 | V116: Banka-015
A117: 45406 | B117: 0424-00001 | C117: 780-01-03 | D117: BANKA MASRAFLARI | F117: Banka | G117: NIGMA KONSTRUKSJON GELEN ÖDEME | H117: 1159.8 | I117: 0 | J117: 8772.83 | K117: B | N117: EUR | O117: 34.6207 | P117: 33.5 | Q117: 0 | R117: 166.89 | S117: 0424-00001 | T117: 0 | V117: Banka-015
A118: 45408 | B118: 0426-00020 | C118: 780-01-03 | D118: BANKA MASRAFLARI | F118: Banka | G118: EFT MASRAF ÖDEMESİ | H118: 2.46 | I118: 0 | J118: 8775.29 | K118: B | O118: 0 | P118: 0 | Q118: 0 | R118: 166.89 | S118: 0426-00017 | T118: 0 | V118: Banka-015
A119: 45411 | B119: 0429-00007 | C119: 780-01-03 | D119: BANKA MASRAFLARI | E119: 50-01-01 | F119: Banka | G119: ALBARAKA KOMİSYON TAHSİLATI | H119: 590.62 | I119: 0 | J119: 9365.91 | K119: B | O119: 0 | P119: 0 | Q119: 0 | R119: 166.89 | S119: 0429-00001 | T119: 0 | U119: 99-08 | V119: Banka-002
A120: 45415 | B120: 0503-00012 | C120: 780-01-03 | D120: BANKA MASRAFLARI | F120: Banka | G120: EFT MASRAFI | H120: 1486.5 | I120: 0 | J120: 10852.41 | K120: B | O120: 0 | P120: 0 | Q120: 0 | R120: 166.89 | S120: 0503-00003 | T120: 0 | V120: Banka-015
A121: 45421 | B121: 0509-00020 | C121: 780-01-03 | D121: BANKA MASRAFLARI | F121: Banka | G121: EFT MASRAFI | H121: 132.9 | I121: 0 | J121: 10985.31 | K121: B | O121: 0 | P121: 0 | Q121: 0 | R121: 166.89 | S121: 0509-00005 | T121: 0 | V121: Banka-015
A122: 45421 | B122: 0509-00031 | C122: 780-01-03 | D122: BANKA MASRAFLARI | E122: 50-01-01 | F122: Banka | G122: ÇEK TAHSİL ÜCRETİ | H122: 183.75 | I122: 0 | J122: 11169.06 | K122: B | O122: 0 | P122: 0 | Q122: 0 | R122: 166.89 | S122: 0509-00006 | T122: 0 | U122: 99-08 | V122: Banka-002
A123: 45421 | B123: 0509-00031 | C123: 780-01-03 | D123: BANKA MASRAFLARI | E123: 50-01-01 | F123: Banka | G123: ÇEK TAHSİL ÜCRETİ | H123: 183.75 | I123: 0 | J123: 11352.81 | K123: B | O123: 0 | P123: 0 | Q123: 0 | R123: 166.89 | S123: 0509-00006 | T123: 0 | U123: 99-08 | V123: Banka-002
A124: 45421 | B124: 0509-00031 | C124: 780-01-03 | D124: BANKA MASRAFLARI | E124: 50-01-01 | F124: Banka | G124: ÇEK TAHSİL ÜCRETİ | H124: 183.75 | I124: 0 | J124: 11536.56 | K124: B | O124: 0 | P124: 0 | Q124: 0 | R124: 166.89 | S124: 0509-00006 | T124: 0 | U124: 99-08 | V124: Banka-002
A125: 45421 | B125: 0509-00031 | C125: 780-01-03 | D125: BANKA MASRAFLARI | E125: 50-01-01 | F125: Banka | G125: ÇEK TAHSİL ÜCRETİ | H125: 183.75 | I125: 0 | J125: 11720.31 | K125: B | O125: 0 | P125: 0 | Q125: 0 | R125: 166.89 | S125: 0509-00006 | T125: 0 | U125: 99-08 | V125: Banka-002
A126: 45422 | B126: 0510-00035 | C126: 780-01-03 | D126: BANKA MASRAFLARI | F126: Banka | G126: DÖVİZ ALIŞ KMV VERGİ ÖDEMESİ | H126: 892.51 | I126: 0 | J126: 12612.82 | K126: B | O126: 0 | P126: 0 | Q126: 0 | R126: 166.89 | S126: 0510-00034 | T126: 0 | V126: Banka-015
A127: 45428 | B127: 0516-00014 | C127: 780-01-03 | D127: BANKA MASRAFLARI | F127: Banka | G127: İHRACAT İADE MASRAFI | H127: 24230.75 | I127: 0 | J127: 36843.57 | K127: B | O127: 0 | P127: 0 | Q127: 0 | R127: 166.89 | S127: 0516-00004 | T127: 0 | V127: Banka-015
A128: 45429 | B128: 0517-00015 | C128: 780-01-03 | D128: BANKA MASRAFLARI | F128: Banka | G128: IBKB MASRAFI | H128: 32.8 | I128: 0 | J128: 36876.37 | K128: B | O128: 0 | P128: 0 | Q128: 0 | R128: 166.89 | S128: 0517-00007 | T128: 0 | V128: Banka-015
A129: 45429 | B129: 0517-00034 | C129: 780-01-03 | D129: BANKA MASRAFLARI | E129: 50-01-01 | F129: Banka | G129: 17.05.2024 EFT MASRAF ÖDEMESİ | H129: 7.08 | I129: 0 | J129: 36883.45 | K129: B | O129: 0 | P129: 0 | Q129: 0 | R129: 166.89 | S129: 0517-00026 | T129: 0 | U129: 99-08 | V129: Banka-015
A130: 45429 | B130: 0517-00037 | C130: 780-01-03 | D130: BANKA MASRAFLARI | F130: Banka | G130: MUHABİR MASRAFI | H130: 349.62 | I130: 0 | J130: 37233.07 | K130: B | O130: 0 | P130: 0 | Q130: 0 | R130: 166.89 | S130: 0517-00028 | T130: 0 | V130: Banka-015
A131: 45432 | B131: 0520-00012 | C131: 780-01-03 | D131: BANKA MASRAFLARI | E131: 50-01-01 | F131: Banka | G131: 20.05.2024 EFT MASRAF ÖDEMESİ | H131: 0.26 | I131: 0 | J131: 37233.33 | K131: B | O131: 0 | P131: 0 | Q131: 0 | R131: 166.89 | S131: 0520-00004 | T131: 0 | U131: 99-08 | V131: Banka-015
A132: 45432 | B132: 0520-00019 | C132: 780-01-03 | D132: BANKA MASRAFLARI | F132: Banka | G132: MUHABİR MASRAFI | H132: 1186.1 | I132: 0 | J132: 38419.43 | K132: B | O132: 0 | P132: 0 | Q132: 0 | R132: 166.89 | S132: 0520-00006 | T132: 0 | V132: Banka-015
A133: 45433 | B133: 0521-00009 | C133: 780-01-03 | D133: BANKA MASRAFLARI | F133: Banka | G133: IBKB MASRAFI | H133: 32.73 | I133: 0 | J133: 38452.16 | K133: B | O133: 0 | P133: 0 | Q133: 0 | R133: 166.89 | S133: 0521-00004 | T133: 0 | V133: Banka-015
A134: 45433 | B134: 0521-00023 | C134: 780-01-03 | D134: BANKA MASRAFLARI | E134: 50-01-01 | F134: Banka | G134: ÇEK TAHSİL ÜCRETİ | H134: 183.75 | I134: 0 | J134: 38635.91 | K134: B | O134: 0 | P134: 0 | Q134: 0 | R134: 166.89 | S134: 0521-00007 | T134: 0 | U134: 99-08 | V134: Banka-002
A135: 45433 | B135: 0521-00023 | C135: 780-01-03 | D135: BANKA MASRAFLARI | E135: 50-01-01 | F135: Banka | G135: ÇEK TAHSİL ÜCRETİ | H135: 183.75 | I135: 0 | J135: 38819.66 | K135: B | O135: 0 | P135: 0 | Q135: 0 | R135: 166.89 | S135: 0521-00007 | T135: 0 | U135: 99-08 | V135: Banka-002
A136: 45433 | B136: 0521-00024 | C136: 780-01-03 | D136: BANKA MASRAFLARI | E136: 50-01-01 | F136: Banka | G136: ÇEK TAHSİL ÜCRETİ | H136: 0 | I136: 183.75 | J136: 38635.91 | K136: B | O136: 0 | P136: 0 | Q136: 0 | R136: 166.89 | S136: 0521-00008 | T136: 0 | U136: 99-08 | V136: Banka-002
A137: 45439 | B137: 0527-00011 | C137: 780-01-03 | D137: BANKA MASRAFLARI | E137: 50-01-01 | F137: Banka | G137: 27.05.2024 EFT MASRAF ÖDEMESİ | H137: 8.27 | I137: 0 | J137: 38644.18 | K137: B | O137: 0 | P137: 0 | Q137: 0 | R137: 166.89 | S137: 0527-00006 | T137: 0 | U137: 99-08 | V137: Banka-015
A138: 45456 | B138: 0613-00010 | C138: 780-01-03 | D138: BANKA MASRAFLARI | F138: Banka | G138: EFT AÇIKLAMA ÜCRETİ | H138: 1.83 | I138: 0 | J138: 38646.01 | K138: B | O138: 0 | P138: 0 | Q138: 0 | R138: 166.89 | S138: 0613-00005 | T138: 0 | V138: Banka-015
...

Sheet FGK
B1: FİNANSMAN GİDER KISITLAMASI HESAP TUTARLARI
B2: 780 Hesap | C2: 0
B3: 660 Hesap | C3: 0
B4: 656 Hesap | C4: 0
B5: TOPLAM | C5: =SUM(C2:C4) -> 0
B11: FİNANSMAN GİDER KISITLAMASI HESAPLAMA
A12: 1 | B12: Özsermeye tutarı * | C12: =+BİLANÇO!F141 -> 13796354 | D12: *1. satırdaki özsermaye tutarı negatif ise; 0 (sıfır) olarak değerlendirilecektir.
A13: 2 | B13: Yabancı kaynak toplamı (Aktif-Özsermaye) | C13: =+BİLANÇO!C143-FGK!C12 -> 29002519
A14: 3 | B14: Özsermayeyi aşan yabancı kaynak tutarı (2-1) * | C14: =+C13-C12 -> 15206165 | D14: *3. satırdaki tutar sıfır yada eksi olursa gider kısıtlaması yapılmayacaktır.
A15: 4 | B15: Aşan kısmın yabancı kaynağa oranı (3/2) | C15: =C14/C13 -> 0.52430498
A16: 5 | B16: Finansman gider tutarı (780,660,656 ..vb hesaplar) | C16: 0
A17: 6 | B17: Örtülü sermayeye ait finansman gideri (KKEG)(örtülü sermaye var ise) | C17: 0
A18: 7 | B18: Hesaplamada dikkate alınacak finansman gideri (5-6) | C18: =+C5 -> 0
A19: 8 | B19: Aşan kısma isabet eden finansman gideri (4*7) | C19: =C15*C18 -> 0
A20: 9 | B20: KKEG olacak finansman giderleri (8*%10) | C20: =C19*0.1 -> 0 | D20: =IF(C14<=0,"FİNANSMAN GİDER KISITLAMASI UYGULANMAYACAK","KKEG YAZILACAK FİNANSMAN GİDERİ") -> KKEG YAZILACAK FİNANSMAN GİDERİ
B26: *1. satırdaki özsermaye tutarı negatif ise; 0 (sıfır) olarak değerlendirilecektir.
B27: *3. satırdaki tutar sıfır yada eksi olursa gider kısıtlaması yapılmayacaktır.
B29: Finansman Giderleri
B30: Yabancı kaynağın kullanım süresine bağlı olarak doğan her türlü faiz, komisyon, vade farkı, kâr payı, kur farkı, faktoring kuruluşlarına verilen iskonto bedelleri ve benzeri adlar altında yapılmış olan gider ve maliyet unsurlarından oluşur. Bu tutarların yer aldığı 780, 660, 656 hesaplar ve benzeri hesaplardaki rakamlar kısıtlamaya tabi olacak.
B31: Özsermaye
B32: Gider kısıtlamasının yapılacağı dönem itibariyle çıkarılan bilançodaki özsermaye olup, her dönem sonu itibariyle bilanço çıkarılması gerekiyor. Ör. 2021/1. Geçici için 31.03.2021 tarihli bilançodaki özsermaye dikkate alınacak.
B33: Yabancı Kaynaklar
B34: Bilançonun kısa vadeli yabancı kaynaklar ve uzun vadeli yabancı kaynaklar toplamını ifade etmekte. (Aktif-Özsermaye)
B35: Finansman Gider Kıstlamasına tabi olmayan giderler
B36: Teminat mektubu komisyonları, tahvil ihracı ile ilgili olarak yapılan baskı ve benzeri giderler ile ipotek masrafları gibi herhangi bir yabancı kaynak kullanımına bağlı olmaksızın yapılan giderlerin gider kısıtlamasına konu edilmesi söz konusu değildir. Aynı şekilde bir finansman gideri olmayıp finansman geliri azalması niteliğinde olan erken ödeme iskontoları veya peşin ödeme iskontoları da gider indirimi kısıtlaması kapsamı dışındadır.
B37: kredi sözleşmelerine ilişkin olarak ödenen damga vergisi veya banka havale ücretlerine ilişkin ödenen banka ve sigorta muameleleri vergisi gibi bir yabancı kaynağın kullanım süresine bağlı olarak doğmayan gider ve maliyet unsurları gider indirimi kısıtlaması uygulamasına tabi olmayacaktır.
B38: Yapılmakta Olan Yatırımlara ait finansman giderleri
... B42: Gelir tablosunda yer alan doğrudan finansman giderleri kısıtlamaya tabi olacaktır. Bu giderler içinden yatırım maliyetine aktarılan tutar olursa, aktarılan tutar gider kısıtlamasına tabi olmayacak, kalan tutar kısıtlamada dikkate alınacaktır.

Sheet KKEG
A1: Muhasebe Hareket Bilgileri (mhy03)
A3: Fiş Tarihi | B3: Fiş No | C3: Hesap Kodu | D3: Hesap Adı | E3: Kar Merkezi Kodu | F3: Kaynak Yeri | G3: Açıklama | H3: Borç Tutarı | I3: Alacak Tutarı | J3: Bakiye | K3: B/A | L3: Özel Kod-1 | M3: Özel Kod-2 | N3: Döviz | O3: Döviz Kuru | P3: Döviz Borç | Q3: Döviz Alacak | R3: Döviz Bakiye | S3: Birleştirilmiş Fiş No | T3: Madde No | U3: Gelir/Gider Kodu | V3: Analiz Kodu | W3: Proje Kodu | X3: Proje Tipi | Y3: İşyeri Kodu
A4: 45292 | B4: 0101-00001 | C4: 689-01-90 | D4: KANUNEN KABUL EDİLMEYEN GİDERLER | E4: ÖİV | F4: Fatura | G4: YBB2024010102751 TURKNET İLETİŞİM HİZMET | H4: 45.95 | I4: 0 | J4: 45.95 | K4: B | O4: 0 | P4: 0 | Q4: 0 | R4: 0 | T4: 1
A5: 45294 | B5: 0103-00019 | C5: 689-01-90 | D5: KANUNEN KABUL EDİLMEYEN GİDERLER | E5: ARAÇ G.K. | F5: Fatura | G5: GNY2024000000001 GÜNEYLİ OTOMOBİL OTO SE | H5: 3820.5 | I5: 0 | J5: 3911.45 | K5: B | O5: 0 | P5: 0 | Q5: 0 | R5: 0 | T5: 57
A6: 45294 | B6: 0103-00004 | C6: 689-01-90 | D6: KANUNEN KABUL EDİLMEYEN GİDERLER | E6: ARAÇ G.K. | F6: Banka | G6: OTOMATIK Plaka no: 34FDF874 , 1117437630 | H6: 22.5 | I6: 0 | J6: 68.45 | K6: B | O6: 0 | P6: 0 | Q6: 0 | R6: 0 | S6: 0103-00002 | T6: 42
A7: 45294 | B7: 0103-00005 | C7: 689-01-90 | D7: KANUNEN KABUL EDİLMEYEN GİDERLER | E7: ARAÇ G.K. | F7: Banka | G7: OTOMATIK Plaka no: 34FDF874 , 1117437630 | H7: 22.5 | I7: 0 | J7: 90.95 | K7: B | O7: 0 | P7: 0 | Q7: 0 | R7: 0 | S7: 0103-00003 | T7: 43
A8: 45295 | B8: 0104-00003 | C8: 689-01-90 | D8: KANUNEN KABUL EDİLMEYEN GİDERLER | E8: ARAÇ G.K. | F8: Banka | G8: OTOMATIK Plaka no: 34FDF874 , 1117437630 | H8: 22.5 | I8: 0 | J8: 3933.95 | K8: B | O8: 0 | P8: 0 | Q8: 0 | R8: 0 | S8: 0104-00002 | T8: 76
A9: 45296 | B9: 0105-00011 | C9: 689-01-05 | D9: TAZMİNAT VE CEZA GİDERLERİ | E9: DİĞER | F9: Banka | G9: 12/12/23-85985303 SGK IPC BORÇ ÖDEME | H9: 2846.05 | I9: 0 | J9: 6780 | K9: B | O9: 0 | P9: 0 | Q9: 0 | R9: 0 | S9: 0105-00003 | T9: 106
A10: 45298 | B10: 0107-00001 | C10: 689-01-90 | D10: KANUNEN KABUL EDİLMEYEN GİDERLER | E10: ARAÇ G.K. | F10: Banka | G10: OTOMATIK Plaka no: 34FDF874 , 1117437630 | H10: 22.5 | I10: 0 | J10: 6802.5 | K10: B | O10: 0 | P10: 0 | Q10: 0 | R10: 0 | S10: 0107-00001 | T10: 125
A11: 45299 | B11: 0108-00048 | C11: 689-01-03 | D11: KURUŞ ELEMİNELERİ-GİDER | E11: DİĞER | F11: Fatura | G11: KRK2024000000002 KARACA HIRDAVAT CİVATA | H11: 0.02 | I11: 0 | J11: 6802.52 | K11: B | O11: 0 | P11: 0 | Q11: 0 | R11: 0 | T11: 174
A12: 45300 | B12: 0109-00002 | C12: 689-01-90 | D12: KANUNEN KABUL EDİLMEYEN GİDERLER | E12: ARAÇ G.K. | F12: Banka | G12: OTOMATIK Plaka no: 34CZE831 , 1117318885 | H12: 22.5 | I12: 0 | J12: 6825.02 | K12: B | O12: 0 | P12: 0 | Q12: 0 | R12: 0 | S12: 0109-00001 | T12: 176
A13: 45300 | B13: 0109-00004 | C13: 689-01-90 | D13: KANUNEN KABUL EDİLMEYEN GİDERLER | E13: ARAÇ G.K. | F13: Banka | G13: OTOMATIK Plaka no: 34GS0987 , 1113247685 | H13: 42 | I13: 0 | J13: 6867.02 | K13: B | O13: 0 | P13: 0 | Q13: 0 | R13: 0 | S13: 0109-00002 | T13: 178
A14: 45301 | B14: 0110-00024 | C14: 689-01-90 | D14: KANUNEN KABUL EDİLMEYEN GİDERLER | E14: DİĞER | F14: Fatura | G14: AAA2024000000844 BATI KURUMSAL TEDARİK Ç | H14: 3721.39 | I14: 0 | J14: 10588.41 | K14: B | O14: 0 | P14: 0 | Q14: 0 | R14: 0 | T14: 216
A15: 45302 | B15: 0111-00004 | C15: 689-01-90 | D15: KANUNEN KABUL EDİLMEYEN GİDERLER | E15: ARAÇ G.K. | F15: Banka | G15: OTOMATIK Plaka no: 34FDF874 , 1117437630 | H15: 22.5 | I15: 0 | J15: 10640.91 | K15: B | O15: 0 | P15: 0 | Q15: 0 | R15: 0 | S15: 0111-00002 | T15: 228
A16: 45302 | B16: 0111-00003 | C16: 689-01-90 | D16: KANUNEN KABUL EDİLMEYEN GİDERLER | E16: ARAÇ G.K. | F16: Banka | G16: OTOMATIK Plaka no: 34GS0987 , 1113247685 | H16: 30 | I16: 0 | J16: 10618.41 | K16: B | O16: 0 | P16: 0 | Q16: 0 | R16: 0 | S16: 0111-00001 | T16: 227
A17: 45304 | B17: 0113-00001 | C17: 689-01-90 | D17: KANUNEN KABUL EDİLMEYEN GİDERLER | E17: ARAÇ G.K. | F17: Banka | G17: OTOMATIK Plaka no: 34FMA593 , 1117685178 | H17: 60 | I17: 0 | J17: 10700.91 | K17: B | O17: 0 | P17: 0 | Q17: 0 | R17: 0 | S17: 0113-00001 | T17: 290
A18: 45305 | B18: 0114-00001 | C18: 689-01-90 | D18: KANUNEN KABUL EDİLMEYEN GİDERLER | E18: ARAÇ G.K. | F18: Banka | G18: OTOMATIK Plaka no: 34FDF874 , 1117437630 | H18: 22.5 | I18: 0 | J18: 10723.41 | K18: B | O18: 0 | P18: 0 | Q18: 0 | R18: 0 | S18: 0114-00001 | T18: 294
A19: 45308 | B19: 0117-00013 | C19: 689-01-90 | D19: KANUNEN KABUL EDİLMEYEN GİDERLER | E19: ARAÇ G.K. | F19: Banka | G19: OTOMATIK Plaka no: 34FDF874 , 1117437630 | H19: 22.5 | I19: 0 | J19: 10775.91 | K19: B | O19: 0 | P19: 0 | Q19: 0 | R19: 0 | S19: 0117-00003 | T19: 344
A20: 45308 | B20: 0117-00014 | C20: 689-01-90 | D20: KANUNEN KABUL EDİLMEYEN GİDERLER | E20: ARAÇ G.K. | F20: Banka | G20: OTOMATIK Plaka no: 34FDF874 , 1117437630 | H20: 22.5 | I20: 0 | J20: 10798.41 | K20: B | O20: 0 | P20: 0 | Q20: 0 | R20: 0 | S20: 0117-00004 | T20: 345
A21: 45308 | B21: 0117-00015 | C21: 689-01-90 | D21: KANUNEN KABUL EDİLMEYEN GİDERLER | E21: ARAÇ G.K. | F21: Banka | G21: OTOMATIK Plaka no: 34FDF874 , 1117437630 | H21: 34.5 | I21: 0 | J21: 10832.91 | K21: B | O21: 0 | P21: 0 | Q21: 0 | R21: 0 | S21: 0117-00005 | T21: 346
A22: 45308 | B22: 0117-00011 | C22: 689-01-90 | D22: KANUNEN KABUL EDİLMEYEN GİDERLER | E22: ARAÇ G.K. | F22: Banka | G22: OTOMATIK Plaka no: 34GS0987 , 1113247685 | H22: 30 | I22: 0 | J22: 10753.41 | K22: B | O22: 0 | P22: 0 | Q22: 0 | R22: 0 | S22: 0117-00001 | T22: 342
A23: 45309 | B23: 0118-00008 | C23: 689-01-90 | D23: KANUNEN KABUL EDİLMEYEN GİDERLER | E23: ARAÇ G.K. | F23: Banka | G23: OTOMATIK Plaka no: 34GS0987 , 1113247685 | H23: 43.5 | I23: 0 | J23: 10892.01 | K23: B | O23: 0 | P23: 0 | Q23: 0 | R23: 0 | S23: 0118-00003 | T23: 367
A24: 45309 | B24: 0118-00003 | C24: 689-01-90 | D24: KANUNEN KABUL EDİLMEYEN GİDERLER | E24: DİĞER | F24: Fatura | G24: DP-F-0011 FURKAN SANCAR / İŞ AVANSI | H24: 15.6 | I24: 0 | J24: 10848.51 | K24: B | O24: 0 | P24: 0 | Q24: 0 | R24: 0 | T24: 362
A25: 45310 | B25: 0119-00042 | C25: 689-01-90 | D25: KANUNEN KABUL EDİLMEYEN GİDERLER | E25: ARAÇ G.K. | F25: Banka | G25: OTOMATIK Plaka no: 34GS0987 , 1113247685 | H25: 30 | I25: 0 | J25: 12962.02 | K25: B | O25: 0 | P25: 0 | Q25: 0 | R25: 0 | S25: 0119-00020 | T25: 416
A26: 45310 | B26: 0119-00022 | C26: 689-01-90 | D26: KANUNEN KABUL EDİLMEYEN GİDERLER | E26: DİĞER | F26: Fatura | G26: GAD2024000000029 KREDİ KARTI SATICILARI | H26: 2040.01 | I26: 0 | J26: 12932.02 | K26: B | O26: 0 | P26: 0 | Q26: 0 | R26: 0 | T26: 396 | U26: 99-07
A27: 45311 | B27: 0120-00007 | C27: 689-01-90 | D27: KANUNEN KABUL EDİLMEYEN GİDERLER | E27: ARAÇ G.K. | F27: Fatura | G27: BAE2024000001005 BATI KURUMSAL TEDARİK Ç | H27: 3229.72 | I27: 0 | J27: 16244.24 | K27: B | O27: 0 | P27: 0 | Q27: 0 | R27: 0 | T27: 423
A28: 45311 | B28: 0120-00003 | C28: 689-01-90 | D28: KANUNEN KABUL EDİLMEYEN GİDERLER | E28: ARAÇ G.K. | F28: Banka | G28: OTOMATIK Plaka no: 34EME494 , 1117318887 | H28: 22.5 | I28: 0 | J28: 13014.52 | K28: B | O28: 0 | P28: 0 | Q28: 0 | R28: 0 | S28: 0120-00002 | T28: 419
A29: 45311 | B29: 0120-00002 | C29: 689-01-90 | D29: KANUNEN KABUL EDİLMEYEN GİDERLER | E29: ARAÇ G.K. | F29: Banka | G29: OTOMATIK Plaka no: 34GS0987 , 1113247685 | H29: 30 | I29: 0 | J29: 12992.02 | K29: B | O29: 0 | P29: 0 | Q29: 0 | R29: 0 | S29: 0120-00001 | T29: 418
A30: 45314 | B30: 0123-00007 | C30: 689-01-90 | D30: KANUNEN KABUL EDİLMEYEN GİDERLER | E30: ARAÇ G.K. | F30: Banka | G30: OTOMATIK Plaka no: 34EME494 , 1117318887 | H30: 22.5 | I30: 0 | J30: 16266.74 | K30: B | O30: 0 | P30: 0 | Q30: 0 | R30: 0 | S30: 0123-00001 | T30: 452
A31: 45315 | B31: 0124-00017 | C31: 689-01-90 | D31: KANUNEN KABUL EDİLMEYEN GİDERLER | E31: ARAÇ G.K. | F31: Banka | G31: OTOMATIK Plaka no: 34GS0987 , 1113247685 | H31: 52.5 | I31: 0 | J31: 31365.57 | K31: B | O31: 0 | P31: 0 | Q31: 0 | R31: 0 | S31: 0124-00007 | T31: 476
A32: 45315 | B32: 0124-00018 | C32: 689-01-90 | D32: KANUNEN KABUL EDİLMEYEN GİDERLER | E32: ARAÇ G.K. | F32: Banka | G32: OTOMATIK Plaka no: 34GS0987 , 1113247685 | H32: 52.5 | I32: 0 | J32: 31418.07 | K32: B | O32: 0 | P32: 0 | Q32: 0 | R32: 0 | S32: 0124-00008 | T32: 477
A33: 45315 | B33: 0124-00012 | C33: 689-01-90 | D33: KANUNEN KABUL EDİLMEYEN GİDERLER | E33: DİĞER | F33: Fatura | G33: LDE2024000008230 KREDİ KARTI SATICILARI | H33: 1173.33 | I33: 0 | J33: 31313.07 | K33: B | O33: 0 | P33: 0 | Q33: 0 | R33: 0 | T33: 471 | U33: 99-07
A34: 45315 | B34: 0124-00004 | C34: 689-01-90 | D34: KANUNEN KABUL EDİLMEYEN GİDERLER | E34: MTV | F34: Banka | G34: 06FY6809 MTV ÖDEMESİ | H34: 1272 | I34: 0 | J34: 19554.74 | K34: B | O34: 0 | P34: 0 | Q34: 0 | R34: 0 | S34: 0124-00002 | T34: 463
A35: 45315 | B35: 0124-00004 | C35: 689-01-90 | D35: KANUNEN KABUL EDİLMEYEN GİDERLER | E35: MTV | F35: Banka | G35: 34CZE831 MTV ÖDEMESİ | H35: 1288 | I35: 0 | J35: 20842.74 | K35: B | O35: 0 | P35: 0 | Q35: 0 | R35: 0 | S35: 0124-00002 | T35: 463
A36: 45315 | B36: 0124-00004 | C36: 689-01-90 | D36: KANUNEN KABUL EDİLMEYEN GİDERLER | E36: MTV | F36: Banka | G36: 34EME494 MTV ÖDEMESİ | H36: 2632.5 | I36: 0 | J36: 23475.24 | K36: B | O36: 0 | P36: 0 | Q36: 0 | R36: 0 | S36: 0124-00002 | T36: 463
A37: 45315 | B37: 0124-00004 | C37: 689-01-90 | D37: KANUNEN KABUL EDİLMEYEN GİDERLER | E37: MTV | F37: Banka | G37: 34FDF874 MTV ÖDEMESİ | H37: 2016 | I37: 0 | J37: 27507.24 | K37: B | O37: 0 | P37: 0 | Q37: 0 | R37: 0 | S37: 0124-00002 | T37: 463
A38: 45315 | B38: 0124-00004 | C38: 689-01-90 | D38: KANUNEN KABUL EDİLMEYEN GİDERLER | E38: MTV | F38: Banka | G38: 34FMA593 MTV ÖDEMESİ | H38: 2016 | I38: 0 | J38: 25491.24 | K38: B | O38: 0 | P38: 0 | Q38: 0 | R38: 0 | S38: 0124-00002 | T38: 463
A39: 45315 | B39: 0124-00004 | C39: 689-01-90 | D39: KANUNEN KABUL EDİLMEYEN GİDERLER | E39: MTV | F39: Banka | G39: 34GHZ549 MTV ÖDEMESİ | H39: 2016 | I39: 0 | J39: 18282.74 | K39: B | O39: 0 | P39: 0 | Q39: 0 | R39: 0 | S39: 0124-00002 | T39: 463
A40: 45315 | B40: 0124-00004 | C40: 689-01-90 | D40: KANUNEN KABUL EDİLMEYEN GİDERLER | E40: MTV | F40: Banka | G40: 34GS0987 MTV ÖDEMESİ | H40: 2632.5 | I40: 0 | J40: 30139.74 | K40: B | O40: 0 | P40: 0 | Q40: 0 | R40: 0 | S40: 0124-00002 | T40: 463
A41: 45316 | B41: 0125-00009 | C41: 689-01-90 | D41: KANUNEN KABUL EDİLMEYEN GİDERLER | E41: ARAÇ G.K. | F41: Banka | G41: OTOMATIK Plaka no: 06FY6809 , 1117318886 | H41: 52.5 | I41: 0 | J41: 31733.07 | K41: B | O41: 0 | P41: 0 | Q41: 0 | R41: 0 | S41: 0125-00006 | T41: 502
A42: 45316 | B42: 0125-00006 | C42: 689-01-90 | D42: KANUNEN KABUL EDİLMEYEN GİDERLER | E42: ARAÇ G.K. | F42: Banka | G42: OTOMATIK Plaka no: 34CZE831 , 1117318885 | H42: 52.5 | I42: 0 | J42: 31575.57 | K42: B | O42: 0 | P42: 0 | Q42: 0 | R42: 0 | S42: 0125-00003 | T42: 499
A43: 45316 | B43: 0125-00004 | C43: 689-01-90 | D43: KANUNEN KABUL EDİLMEYEN GİDERLER | E43: ARAÇ G.K. | F43: Banka | G43: OTOMATIK Plaka no: 34EME494 , 1117318887 | H43: 52.5 | I43: 0 | J43: 31470.57 | K43: B | O43: 0 | P43: 0 | Q43: 0 | R43: 0 | S43: 0125-00001 | T43: 497
A44: 45316 | B44: 0125-00005 | C44: 689-01-90 | D44: KANUNEN KABUL EDİLMEYEN GİDERLER | E44: ARAÇ G.K. | F44: Banka | G44: OTOMATIK Plaka no: 34FDF874 , 1117437630 | H44: 52.5 | I44: 0 | J44: 31523.07 | K44: B | O44: 0 | P44: 0 | Q44: 0 | R44: 0 | S44: 0125-00002 | T44: 498
A45: 45316 | B45: 0125-00008 | C45: 689-01-90 | D45: KANUNEN KABUL EDİLMEYEN GİDERLER | E45: ARAÇ G.K. | F45: Banka | G45: OTOMATIK Plaka no: 34RL4917 , 1117318883 | H45: 52.5 | I45: 0 | J45: 31680.57 | K45: B | O45: 0 | P45: 0 | Q45: 0 | R45: 0 | S45: 0125-00005 | T45: 501
... A50: 45321 | B50: 0130-00033 | C50: 689-01-05 | D50: TAZMİNAT VE CEZA GİDERLERİ | E50: DİĞER | F50: Banka | G50: ARALIK/23 KDV ÖDEMESİ | H50: 243.41 | I50: 0 | J50: 32550.58 | K50: B | O50: 0 | P50: 0 | Q50: 0 | R50: 0 | S50: 0130-00028 | T50: 593
A51: 45322 | B51: 0131-00001 | C51: 689-01-90 | D51: KANUNEN KABUL EDİLMEYEN GİDERLER | E51: ARAÇ G.K. | F51: Fatura | G51: BAE2024000004668 BATI KURUMSAL TEDARİK Ç | H51: 7620.45 | I51: 0 | J51: 40223.53 | K51: B | O51: 0 | P51: 0 | Q51: 0 | R51: 0 | T51: 595
A52: 45322 | B52: 0131-00002 | C52: 689-01-90 | D52: KANUNEN KABUL EDİLMEYEN GİDERLER | E52: ARAÇ G.K. | F52: Banka | G52: OTOMATIK Plaka no: 34FDF874 , 1117437630 | H52: 87 | I52: 0 | J52: 40310.53 | K52: B | O52: 0 | P52: 0 | Q52: 0 | R52: 0 | S52: 0131-00001 | T52: 596
A53: 45322 | B53: 0131-00073 | C53: 689-01-90 | D53: KANUNEN KABUL EDİLMEYEN GİDERLER | E53: ARAÇ G.K. | F53: Banka | G53: OTOMATIK Plaka no: 34FDF874 , 1117437630 | H53: 52.5 | I53: 0 | J53: 40714.36 | K53: B | O53: 0 | P53: 0 | Q53: 0 | R53: 0 | S53: 0131-00004 | T53: 667
A54: 45322 | B54: 0131-00028 | C54: 689-01-90 | D54: KANUNEN KABUL EDİLMEYEN GİDERLER | E54: ÖİV | F54: Fatura | G54: GB32024003926840 TT MOBİL İLETİŞİM HİZME | H54: 350.65 | I54: 0 | J54: 40661.18 | K54: B | O54: 0 | P54: 0 | Q54: 0 | R54: 0 | T54: 622
A55: 45322 | B55: 0131-00075 | C55: 689-01-99 | D55: DİĞER ÇEŞİTLİ OLAĞANDIŞI GİDER VE ZARARL | E55: DİĞER | F55: Cari | G55: DPA2024000000007 FATURA İPTALİ | H55: 7935.02 | I55: 0 | J55: 49426.98 | K55: B | O55: 0 | P55: 0 | Q55: 0 | R55: 0 | T55: 669
A56: 45322 | B56: 0131-00074 | C56: 689-01-99 | D56: DİĞER ÇEŞİTLİ OLAĞANDIŞI GİDER VE ZARARL | E56: DİĞER | F56: Cari | G56: DPA2024000000008 FATURA İPTALİ | H56: 777.6 | I56: 0 | J56: 41491.96 | K56: B | O56: 0 | P56: 0 | Q56: 0 | R56: 0 | T56: 668
A57: 45322 | B57: 0131-00045 | C57: 689-01-03 | D57: KURUŞ ELEMİNELERİ-GİDER | E57: DİĞER | F57: Fatura | G57: KRC2024000000981 KARACA HIRDAVAT CİVATA | H57: 0.68 | I57: 0 | J57: 40661.86 | K57: B | O57: 0 | P57: 0 | Q57: 0 | R57: 0 | T57: 639
A58: 45322 | B58: 0131-00086 | C58: 689-01-99 | D58: DİĞER ÇEŞİTLİ OLAĞANDIŞI GİDER VE ZARARL | E58: DİĞER | F58: Cari | G58: OCAK /2024 340-679 ARASI VİRMAN | H58: 2285.68 | I58: 0 | J58: 52027.99 | K58: B | O58: 0 | P58: 0 | Q58: 0 | R58: 0 | T58: 680
A59: 45322 | B59: 0131-00082 | C59: 689-01-99 | D59: DİĞER ÇEŞİTLİ OLAĞANDIŞI GİDER VE ZARARL | E59: DİĞER | F59: Cari | G59: OCAK 2024 320-679-689 VİRMAN KAYDI | H59: 143.06 | I59: 0 | J59: 49570.04 | K59: B | O59: 0 | P59: 0 | Q59: 0 | R59: 0 | T59: 676
A60: 45322 | B60: 0131-00082 | C60: 689-01-99 | D60: DİĞER ÇEŞİTLİ OLAĞANDIŞI GİDER VE ZARARL | E60: DİĞER | F60: Cari | G60: OCAK 2024 320-679-689 VİRMAN KAYDI | H60: 128.47 | I60: 0 | J60: 49698.51 | K60: B | O60: 0 | P60: 0 | Q60: 0 | R60: 0 | T60: 676
A61: 45322 | B61: 0131-00082 | C61: 689-01-99 | D61: DİĞER ÇEŞİTLİ OLAĞANDIŞI GİDER VE ZARARL | E61: DİĞER | F61: Cari | G61: OCAK 2024 320-679-689 VİRMAN KAYDI | H61: 0.06 | I61: 0 | J61: 49698.57 | K61: B | O61: 0 | P61: 0 | Q61: 0 | R61: 0 | T61: 676
A62: 45322 | B62: 0131-00082 | C62: 689-01-99 | D62: DİĞER ÇEŞİTLİ OLAĞANDIŞI GİDER VE ZARARL | E62: DİĞER | F62: Cari | G62: OCAK 2024 320-679-689 VİRMAN KAYDI | H62: 0.47 | I62: 0 | J62: 49699.04 | K62: B | O62: 0 | P62: 0 | Q62: 0 | R62: 0 | T62: 676
A63: 45322 | B63: 0131-00082 | C63: 689-01-99 | D63: DİĞER ÇEŞİTLİ OLAĞANDIŞI GİDER VE ZARARL | E63: DİĞER | F63: Cari | G63: OCAK 2024 320-679-689 VİRMAN KAYDI | H63: 0.04 | I63: 0 | J63: 49699.08 | K63: B | O63: 0 | P63: 0 | Q63: 0 | R63: 0 | T63: 676
A64: 45322 | B64: 0131-00082 | C64: 689-01-99 | D64: DİĞER ÇEŞİTLİ OLAĞANDIŞI GİDER VE ZARARL | E64: DİĞER | F64: Cari | G64: OCAK 2024 320-679-689 VİRMAN KAYDI | H64: 0.01 | I64: 0 | J64: 49699.09 | K64: B | O64: 0 | P64: 0 | Q64: 0 | R64: 0 | T64: 676
A65: 45322 | B65: 0131-00082 | C65: 689-01-99 | D65: DİĞER ÇEŞİTLİ OLAĞANDIŞI GİDER VE ZARARL | E65: DİĞER | F65: Cari | G65: OCAK 2024 320-679-689 VİRMAN KAYDI | H65: 0.02 | I65: 0 | J65: 49699.11 | K65: B | O65: 0 | P65: 0 | Q65: 0 | R65: 0 | T65: 676
... A85: 45323 | B85: 0201-00014 | C85: 689-01-05 | D85: TAZMİNAT VE CEZA GİDERLERİ | E85: DİĞER | F85: Cari | G85: İSTANBUL SANAYİ ODASI AİDAT ÖDEMESİ | H85: 2572.69 | I85: 0 | J85: 65804.37 | K85: B | O85: 0 | P85: 0 | Q85: 0 | R85: 0 | T85: 722
A86: 45324 | B86: 0202-00009 | C86: 689-01-90 | D86: KANUNEN KABUL EDİLMEYEN GİDERLER | E86: ARAÇ G.K. | F86: Banka | G86: OTOMATIK Plaka no: 34EME494 , 1117318887 | H86: 52.5 | I86: 0 | J86: 66050.43 | K86: B | O86: 0 | P86: 0 | Q86: 0 | R86: 0 | S86: 0202-00003 | T86: 757
A87: 45324 | B87: 0202-00008 | C87: 689-01-90 | D87: KANUNEN KABUL EDİLMEYEN GİDERLER | E87: ARAÇ G.K. | F87: Banka | G87: OTOMATIK Plaka no: 34FDF874 , 1117437630 | H87: 114 | I87: 0 | J87: 65997.93 | K87: B | O87: 0 | P87: 0 | Q87: 0 | R87: 0 | S87: 0202-00002 | T87: 756
A88: 45324 | B88: 0202-00010 | C88: 689-01-90 | D88: KANUNEN KABUL EDİLMEYEN GİDERLER | E88: ARAÇ G.K. | F88: Banka | G88: OTOMATIK Plaka no: 34FMA593 , 1117685178 | H88: 60 | I88: 0 | J88: 66110.43 | K88: B | O88: 0 | P88: 0 | Q88: 0 | R88: 0 | S88: 0202-00004 | T88: 758
A89: 45325 | B89: 0203-00001 | C89: 689-01-90 | D89: KANUNEN KABUL EDİLMEYEN GİDERLER | E89: ARAÇ G.K. | F89: Banka | G89: OTOMATIK Plaka no: 34FDF874 , 1117437630 | H89: 52.5 | I89: 0 | J89: 66162.93 | K89: B | O89: 0 | P89: 0 | Q89: 0 | R89: 0 | S89: 0203-00001 | T89: 772
A90: 45328 | B90: 0206-00012 | C90: 689-01-90 | D90: KANUNEN KABUL EDİLMEYEN GİDERLER | E90: ARAÇ G.K. | F90: Banka | G90: OTOMATIK Plaka no: 34GHZ549 1113247684 | H90: 52.5 | I90: 0 | J90: 66215.43 | K90: B | O90: 0 | P90: 0 | Q90: 0 | R90: 0 | S90: 0206-00003 | T90: 800
A91: 45329 | B91: 0207-00019 | C91: 689-01-90 | D91: KANUNEN KABUL EDİLMEYEN GİDERLER | E91: ARAÇ G.K. | F91: Banka | G91: OTOMATIK Plaka no: 34CZE831 , 1117318885 | H91: 18 | I91: 0 | J91: 66233.43 | K91: B | O91: 0 | P91: 0 | Q91: 0 | R91: 0 | S91: 0207-00002 | T91: 832
A92: 45329 | B92: 0207-00036 | C92: 689-01-90 | D92: KANUNEN KABUL EDİLMEYEN GİDERLER | E92: ARAÇ G.K. | F92: Banka | G92: OTOMATIK Plaka no: 34CZE831 , 1117318885 | H92: 52.5 | I92: 0 | J92: 66285.93 | K92: B | O92: 0 | P92: 0 | Q92: 0 | R92: 0 | S92: 0207-00005 | T92: 849
A93: 45330 | B93: 0208-00005 | C93: 689-01-90 | D93: KANUNEN KABUL EDİLMEYEN GİDERLER | E93: ARAÇ G.K. | F93: Banka | G93: OTOMATIK Plaka no: 34CZE831 , 1117318885 | H93: 52.5 | I93: 0 | J93: 66390.93 | K93: B | O93: 0 | P93: 0 | Q93: 0 | R93: 0 | S93: 0208-00002 | T93: 854
A94: 45330 | B94: 0208-00004 | C94: 689-01-90 | D94: KANUNEN KABUL EDİLMEYEN GİDERLER | E94: ARAÇ G.K. | F94: Banka | G94: OTOMATIK Plaka no: 34GS0987 , 1113247685 | H94: 52.5 | I94: 0 | J94: 66338.43 | K94: B | O94: 0 | P94: 0 | Q94: 0 | R94: 0 | S94: 0208-00001 | T94: 853
A95: 45331 | B95: 0209-00003 | C95: 689-01-90 | D95: KANUNEN KABUL EDİLMEYEN GİDERLER | E95: ARAÇ G.K. | F95: Banka | G95: OTOMATIK Plaka no: 34GS0987 , 1113247685 | H95: 24 | I95: 0 | J95: 66414.93 | K95: B | O95: 0 | P95: 0 | Q95: 0 | R95: 0 | S95: 0209-00003 | T95: 870
A96: 45331 | B96: 0209-00006 | C96: 689-01-90 | D96: KANUNEN KABUL EDİLMEYEN GİDERLER | E96: ARAÇ G.K. | F96: Banka | G96: OTOMATIK Plaka no: 34GS0987 , 1113247685 | H96: 52.5 | I96: 0 | J96: 66467.43 | K96: B | O96: 0 | P96: 0 | Q96: 0 | R96: 0 | S96: 0209-00006 | T96: 873
A97: 45332 | B97: 0210-00001 | C97: 689-01-90 | D97: KANUNEN KABUL EDİLMEYEN GİDERLER | E97: ARAÇ G.K. | F97: Fatura | G97: BAE2024000008470 BATI KURUMSAL TEDARİK Ç | H97: 5482.8 | I97: 0 | J97: 71950.23 | K97: B | O97: 0 | P97: 0 | Q97: 0 | R97: 0 | T97: 887
A98: 45335 | B98: 0213-00010 | C98: 689-01-90 | D98: KANUNEN KABUL EDİLMEYEN GİDERLER | E98: ARAÇ G.K. | F98: Banka | G98: OTOMATIK Plaka no: 34GS0987 , 1113247685 | H98: 52.5 | I98: 0 | J98: 72002.73 | K98: B | O98: 0 | P98: 0 | Q98: 0 | R98: 0 | S98: 0213-00001 | T98: 913
A99: 45336 | B99: 0214-00005 | C99: 689-01-90 | D99: KANUNEN KABUL EDİLMEYEN GİDERLER | E99: ARAÇ G.K. | F99: Banka | G99: OTOMATIK Plaka no: 34FMA593 , 1117685178 | H99: 60 | I99: 0 | J99: 72062.73 | K99: B | O99: 0 | P99: 0 | Q99: 0 | R99: 0 | S99: 0214-00001 | T99: 958
A100: 45337 | B100: 0215-00018 | C100: 689-01-90 | D100: KANUNEN KABUL EDİLMEYEN GİDERLER | E100: ARAÇ G.K. | F100: Banka | G100: OTOMATIK Plaka no: 34GS0987 , 1113247685 | H100: 52.5 | I100: 0 | J100: 72115.23 | K100: B | O100: 0 | P100: 0 | Q100: 0 | R100: 0 | S100: 0215-00001 | T100: 994
A101: 45337 | B101: 0215-00019 | C101: 689-01-90 | D101: KANUNEN KABUL EDİLMEYEN GİDERLER | E101: ARAÇ G.K. | F101: Banka | G101: OTOMATIK Plaka no: 34GS0987 , 1113247685 | H101: 87 | I101: 0 | J101: 72202.23 | K101: B | O101: 0 | P101: 0 | Q101: 0 | R101: 0 | S101: 0215-00002 | T101: 995
A102: 45337 | B102: 0215-00020 | C102: 689-01-90 | D102: KANUNEN KABUL EDİLMEYEN GİDERLER | E102: ARAÇ G.K. | F102: Banka | G102: OTOMATIK Plaka no: 34GS0987 , 1113247685 | H102: 52.5 | I102: 0 | J102: 72254.73 | K102: B | O102: 0 | P102: 0 | Q102: 0 | R102: 0 | S102: 0215-00003 | T102: 996
A103: 45337 | B103: 0215-00021 | C103: 689-01-90 | D103: KANUNEN KABUL EDİLMEYEN GİDERLER | E103: ARAÇ G.K. | F103: Banka | G103: OTOMATIK Plaka no: 34GS0987 , 1113247685 | H103: 114 | I103: 0 | J103: 72368.73 | K103: B | O103: 0 | P103: 0 | Q103: 0 | R103: 0 | S103: 0215-00004 | T103: 997
A104: 45338 | B104: 0216-00006 | C104: 689-01-90 | D104: KANUNEN KABUL EDİLMEYEN GİDERLER | E104: ARAÇ G.K. | F104: Banka | G104: OTOMATIK Plaka no: 34GS0987 , 1113247685 | H104: 52.5 | I104: 0 | J104: 72421.23 | K104: B | O104: 0 | P104: 0 | Q104: 0 | R104: 0 | S104: 0216-00004 | T104: 1015
A105: 45339 | B105: 0217-00002 | C105: 689-01-90 | D105: KANUNEN KABUL EDİLMEYEN GİDERLER | E105: ARAÇ G.K. | F105: Banka | G105: OTOMATIK Plaka no: 34FDF874 , 1117437630 | H105: 52.5 | I105: 0 | J105: 72526.23 | K105: B | O105: 0 | P105: 0 | Q105: 0 | R105: 0 | S105: 0217-00002 | T105: 1029
A106: 45339 | B106: 0217-00001 | C106: 689-01-90 | D106: KANUNEN KABUL EDİLMEYEN GİDERLER | E106: ARAÇ G.K. | F106: Banka | G106: OTOMATIK Plaka no: 34GS0987 , 1113247685 | H106: 52.5 | I106: 0 | J106: 72473.73 | K106: B | O106: 0 | P106: 0 | Q106: 0 | R106: 0 | S106: 0217-00001 | T106: 1028
A107: 45341 | B107: 0219-00025 | C107: 689-01-03 | D107: KURUŞ ELEMİNELERİ-GİDER | E107: DİĞER | F107: Fatura | G107: HLT2024000000180 KREDİ KARTI SATICILARI | H107: 0.04 | I107: 0 | J107: 72526.27 | K107: B | O107: 0 | P107: 0 | Q107: 0 | R107: 0 | T107: 1054
A108: 45342 | B108: 0220-00007 | C108: 689-01-90 | D108: KANUNEN KABUL EDİLMEYEN GİDERLER | E108: ARAÇ G.K. | F108: Fatura | G108: BAE2024000012298 BATI KURUMSAL TEDARİK Ç | H108: 6309.08 | I108: 0 | J108: 78835.35 | K108: B | O108: 0 | P108: 0 | Q108: 0 | R108: 0 | T108: 1061
A109: 45342 | B109: 0220-00018 | C109: 689-01-90 | D109: KANUNEN KABUL EDİLMEYEN GİDERLER | E109: ARAÇ G.K. | F109: Banka | G109: OTOMATIK Plaka no: 34FDF874 , 1117437630 | H109: 52.5 | I109: 0 | J109: 78982.35 | K109: B | O109: 0 | P109: 0 | Q109: 0 | R109: 0 | S109: 0220-00004 | T109: 1072
A110: 45342 | B110: 0220-00016 | C110: 689-01-90 | D110: KANUNEN KABUL EDİLMEYEN GİDERLER | E110: ARAÇ G.K. | F110: Banka | G110: OTOMATIK Plaka no: 34GS0987 , 1113247685 | H110: 42 | I110: 0 | J110: 78877.35 | K110: B | O110: 0 | P110: 0 | Q110: 0 | R110: 0 | S110: 0220-00002 | T110: 1070
A111: 45342 | B111: 0220-00017 | C111: 689-01-90 | D111: KANUNEN KABUL EDİLMEYEN GİDERLER | E111: ARAÇ G.K. | F111: Banka | G111: OTOMATIK Plaka no: 34GS0987 , 1113247685 | H111: 52.5 | I111: 0 | J111: 78929.85 | K111: B | O111: 0 | P111: 0 | Q111: 0 | R111: 0 | S111: 0220-00003 | T111: 1071
A112: 45343 | B112: 0221-00014 | C112: 689-01-90 | D112: KANUNEN KABUL EDİLMEYEN GİDERLER | E112: ARAÇ G.K. | F112: Banka | G112: OTOMATIK Plaka no: 34EME494 , 1117318887 | H112: 52.5 | I112: 0 | J112: 79174.35 | K112: B | O112: 0 | P112: 0 | Q112: 0 | R112: 0 | S112: 0221-00005 | T112: 1094
A113: 45343 | B113: 0221-00012 | C113: 689-01-90 | D113: KANUNEN KABUL EDİLMEYEN GİDERLER | E113: ARAÇ G.K. | F113: Banka | G113: OTOMATIK Plaka no: 34GS0987 , 1113247685 | H113: 87 | I113: 0 | J113: 79069.35 | K113: B | O113: 0 | P113: 0 | Q113: 0 | R113: 0 | S113: 0221-00003 | T113: 1092
A114: 45343 | B114: 0221-00013 | C114: 689-01-90 | D114: KANUNEN KABUL EDİLMEYEN GİDERLER | E114: ARAÇ G.K. | F114: Banka | G114: OTOMATIK Plaka no: 34GS0987 , 1113247685 | H114: 52.5 | I114: 0 | J114: 79121.85 | K114: B | O114: 0 | P114: 0 | Q114: 0 | R114: 0 | S114: 0221-00004 | T114: 1093
A115: 45343 | B115: 0221-00015 | C115: 689-01-90 | D115: KANUNEN KABUL EDİLMEYEN GİDERLER | E115: ARAÇ G.K. | F115: Banka | G115: OTOMATIK Plaka no: 34GS0987 , 1113247685 | H115: 99 | I115: 0 | J115: 79273.35 | K115: B | O115: 0 | P115: 0 | Q115: 0 | R115: 0 | S115: 0221-00006 | T115: 1095
A116: 45344 | B116: 0222-00010 | C116: 689-01-90 | D116: KANUNEN KABUL EDİLMEYEN GİDERLER | E116: ARAÇ G.K. | F116: Banka | G116: OTOMATIK Plaka no: 34FDF874 , 1117437630 | H116: 52.5 | I116: 0 | J116: 79378.35 | K116: B | O116: 0 | P116: 0 | Q116: 0 | R116: 0 | S116: 0222-00003 | T116: 1108
A117: 45344 | B117: 0222-00009 | C117: 689-01-90 | D117: KANUNEN KABUL EDİLMEYEN GİDERLER | E117: ARAÇ G.K. | F117: Banka | G117: OTOMATIK Plaka no: 34GS0987 , 1113247685 | H117: 52.5 | I117: 0 | J117: 79325.85 | K117: B | O117: 0 | P117: 0 | Q117: 0 | R117: 0 | S117: 0222-00002 | T117: 1107
A118: 45345 | B118: 0223-00003 | C118: 689-01-90 | D118: KANUNEN KABUL EDİLMEYEN GİDERLER | E118: ARAÇ G.K. | F118: Banka | G118: OTOMATIK Plaka no: 34FDF874 , 1117437630 | H118: 52.5 | I118: 0 | J118: 79430.85 | K118: B | O118: 0 | P118: 0 | Q118: 0 | R118: 0 | S118: 0223-00001 | T118: 1117
A119: 45347 | B119: 0225-00002 | C119: 689-01-90 | D119: KANUNEN KABUL EDİLMEYEN GİDERLER | E119: ARAÇ G.K. | F119: Banka | G119: OTOMATIK Plaka no: 34GS0987 , 1113247685 | H119: 52.5 | I119: 0 | J119: 79483.35 | K119: B | O119: 0 | P119: 0 | Q119: 0 | R119: 0 | S119: 0225-00001 | T119: 1172
A120: 45347 | B120: 0225-00003 | C120: 689-01-90 | D120: KANUNEN KABUL EDİLMEYEN GİDERLER | E120: ARAÇ G.K. | F120: Banka | G120: OTOMATIK Plaka no: 34GS0987 , 1113247685 | H120: 99 | I120: 0 | J120: 79582.35 | K120: B | O120: 0 | P120: 0 | Q120: 0 | R120: 0 | S120: 0225-00002 | T120: 1173
... A128: 45350 | B128: 0228-00008 | C128: 689-01-05 | D128: TAZMİNAT VE CEZA GİDERLERİ | E128: MTV | F128: Banka | G128: 34EJ655 TRAFİK CEZASI ÖDEMESİ | H128: 2176.9 | I128: 0 | J128: 82179.25 | K128: B | O128: 0 | P128: 0 | Q128: 0 | R128: 0 | S128: 0228-00002 | T128: 1213
A129: 45351 | B129: 0229-00006 | C129: 689-01-90 | D129: KANUNEN KABUL EDİLMEYEN GİDERLER | E129: ARAÇ G.K. | F129: Fatura | G129: BAE2024000016123 BATI KURUMSAL TEDARİK Ç | H129: 6244.22 | I129: 0 | J129: 88861.25 | K129: B | O129: 0 | P129: 0 | Q129: 0 | R129: 0 | T129: 1231
A130: 45351 | B130: 0229-00005 | C130: 689-01-90 | D130: KANUNEN KABUL EDİLMEYEN GİDERLER | E130: ÖİV | F130: Fatura | G130: GB32024004013126 TT MOBİL İLETİŞİM HİZME | H130: 325.28 | I130: 0 | J130: 82617.03 | K130: B | O130: 0 | P130: 0 | Q130: 0 | R130: 0 | T130: 1230
A131: 45352 | B131: 0301-00024 | C131: 689-01-90 | D131: KANUNEN KABUL EDİLMEYEN GİDERLER | E131: ARAÇ G.K. | F131: Banka | G131: OTOMATIK Plaka no: 34FDF874 , 1117437630 | H131: 52.5 | I131: 0 | J131: 88913.75 | K131: B | O131: 0 | P131: 0 | Q131: 0 | R131: 0 | S131: 0301-00011 | T131: 1327
...

Sheet GEÇMİŞ DÖNEM ZARARLARI
B3: DÖNEM | C3: ZARAR | D3: KKEG | E3: KAR | F3: KARDAN DÜŞÜLECEK ZARAR
B4: 2019 | F4: =+C4-D4 -> 0
B5: 2020 | F5: 0
B6: 2021 | F6: 0
B7: 2022 | F7: 0
B8: 2023 | F8: =+C8-D8 -> 0
B9: TOPLAM | C9: =SUM(C4:C8) -> 0 | D9: =SUM(D4:D8) -> 0 | E9: =SUM(E4:E8) -> 0

Sheet KVK GEÇ 32-8
C5: VERGİ MATRAHI | D5: 0
B7: HESAP KODU | C7: BRÜT SATIŞLAR TOPLAMI | D7: TUTAR | E7: YÜZDE | F7: VERGİ MATRAHI
B8: 600 | C8: YURTİÇİ SATIŞLAR | D8: 0 | E8: =D8/D11 -> #DIV/0! | F8: #DIV/0! | G8: ÜRETİMDEN ELDE EDİLEN KAZANÇ | H8: KVK 32/8 E YAZILACAK TUTAR
B9: 601 | C9: YURTDIŞI SATIŞLAR | D9: 0 | E9: =D9/D11 -> #DIV/0! | F9: =$D$5*E9 -> #DIV/0!
B10: 602 | C10: DİĞER GELİRLER | D10: 0 | E10: =D10/D11 -> #DIV/0! | F10: =$D$5*E10 -> #DIV/0!
C11: TOPLAM | D11: =SUM(D8:D10) -> 0 | F11: =SUM(F8:F10) -> #DIV/0!
C16: ÖZET TABLO
C17: GELİR TÜRÜ | D17: MATRAH | E17: ORAN | F17: VERGİ
C18: KVK 32/8 MATRAH | D18: =+F8 -> #DIV/0! | E18: 0.24 | F18: =D18*E18 -> #DIV/0!
C19: DİĞER MATRAH | D19: =+D5-D18 -> #DIV/0! | E19: 0.25 | F19: =D19*E19 -> #DIV/0!
C20: TOPLAM | D20: =SUM(D18:D19) -> #DIV/0! | F20: =SUM(F18:F19) -> #DIV/0!
